image,label
armas (28).jpg,armas (28).txt
armas (280).jpg,armas (280).txt
armas (2800).jpg,armas (2800).txt
armas (2801).jpg,armas (2801).txt
armas (2802).jpg,armas (2802).txt
armas (2803).jpg,armas (2803).txt
armas (2804).jpg,armas (2804).txt
armas (2805).jpg,armas (2805).txt
armas (2806).jpg,armas (2806).txt
armas (2807).jpg,armas (2807).txt
armas (2808).jpg,armas (2808).txt
armas (2809).jpg,armas (2809).txt
armas (281).jpg,armas (281).txt
armas (2810).jpg,armas (2810).txt
armas (2811).jpg,armas (2811).txt
armas (2812).jpg,armas (2812).txt
armas (2813).jpg,armas (2813).txt
armas (2814).jpg,armas (2814).txt
armas (2815).jpg,armas (2815).txt
armas (2816).jpg,armas (2816).txt
armas (2817).jpg,armas (2817).txt
armas (2818).jpg,armas (2818).txt
armas (2819).jpg,armas (2819).txt
armas (282).jpg,armas (282).txt
armas (2820).jpg,armas (2820).txt
armas (2821).jpg,armas (2821).txt
armas (2822).jpg,armas (2822).txt
armas (2823).jpg,armas (2823).txt
armas (2824).jpg,armas (2824).txt
armas (2825).jpg,armas (2825).txt
armas (2826).jpg,armas (2826).txt
armas (2827).jpg,armas (2827).txt
armas (2828).jpg,armas (2828).txt
armas (2829).jpg,armas (2829).txt
armas (283).jpg,armas (283).txt
armas (2830).jpg,armas (2830).txt
armas (2831).jpg,armas (2831).txt
armas (2832).jpg,armas (2832).txt
armas (2833).jpg,armas (2833).txt
armas (2834).jpg,armas (2834).txt
armas (2835).jpg,armas (2835).txt
armas (2836).jpg,armas (2836).txt
armas (2837).jpg,armas (2837).txt
armas (2838).jpg,armas (2838).txt
armas (2839).jpg,armas (2839).txt
armas (284).jpg,armas (284).txt
armas (2840).jpg,armas (2840).txt
armas (2841).jpg,armas (2841).txt
armas (2842).jpg,armas (2842).txt
armas (2843).jpg,armas (2843).txt
armas (2844).jpg,armas (2844).txt
armas (2845).jpg,armas (2845).txt
armas (2846).jpg,armas (2846).txt
armas (2847).jpg,armas (2847).txt
armas (2848).jpg,armas (2848).txt
armas (2849).jpg,armas (2849).txt
armas (285).jpg,armas (285).txt
armas (2850).jpg,armas (2850).txt
armas (2851).jpg,armas (2851).txt
armas (2852).jpg,armas (2852).txt
armas (2853).jpg,armas (2853).txt
armas (2854).jpg,armas (2854).txt
armas (2855).jpg,armas (2855).txt
armas (2856).jpg,armas (2856).txt
armas (2857).jpg,armas (2857).txt
armas (2858).jpg,armas (2858).txt
armas (2859).jpg,armas (2859).txt
armas (286).jpg,armas (286).txt
armas (2860).jpg,armas (2860).txt
armas (2861).jpg,armas (2861).txt
armas (2862).jpg,armas (2862).txt
armas (2863).jpg,armas (2863).txt
armas (2864).jpg,armas (2864).txt
armas (2865).jpg,armas (2865).txt
armas (2866).jpg,armas (2866).txt
armas (2867).jpg,armas (2867).txt
armas (2868).jpg,armas (2868).txt
armas (2869).jpg,armas (2869).txt
armas (287).jpg,armas (287).txt
armas (2870).jpg,armas (2870).txt
armas (2871).jpg,armas (2871).txt
armas (2872).jpg,armas (2872).txt
armas (2873).jpg,armas (2873).txt
armas (2874).jpg,armas (2874).txt
armas (2875).jpg,armas (2875).txt
armas (2876).jpg,armas (2876).txt
armas (2877).jpg,armas (2877).txt
armas (2878).jpg,armas (2878).txt
armas (2879).jpg,armas (2879).txt
armas (288).jpg,armas (288).txt
armas (2880).jpg,armas (2880).txt
armas (2881).jpg,armas (2881).txt
armas (2882).jpg,armas (2882).txt
armas (2883).jpg,armas (2883).txt
armas (2884).jpg,armas (2884).txt
armas (2885).jpg,armas (2885).txt
armas (2886).jpg,armas (2886).txt
armas (2887).jpg,armas (2887).txt
armas (2888).jpg,armas (2888).txt
armas (2889).jpg,armas (2889).txt
armas (289).jpg,armas (289).txt
armas (2890).jpg,armas (2890).txt
armas (2891).jpg,armas (2891).txt
armas (2892).jpg,armas (2892).txt
armas (2893).jpg,armas (2893).txt
armas (2894).jpg,armas (2894).txt
armas (2895).jpg,armas (2895).txt
armas (2896).jpg,armas (2896).txt
armas (2897).jpg,armas (2897).txt
armas (2898).jpg,armas (2898).txt
armas (2899).jpg,armas (2899).txt
armas (29).jpg,armas (29).txt
armas (290).jpg,armas (290).txt
armas (2900).jpg,armas (2900).txt
armas (2901).jpg,armas (2901).txt
armas (2902).jpg,armas (2902).txt
armas (2903).jpg,armas (2903).txt
armas (2904).jpg,armas (2904).txt
armas (2905).jpg,armas (2905).txt
armas (2906).jpg,armas (2906).txt
armas (2907).jpg,armas (2907).txt
armas (2908).jpg,armas (2908).txt
armas (2909).jpg,armas (2909).txt
armas (291).jpg,armas (291).txt
armas (2910).jpg,armas (2910).txt
armas (2911).jpg,armas (2911).txt
armas (2912).jpg,armas (2912).txt
armas (2913).jpg,armas (2913).txt
armas (2914).jpg,armas (2914).txt
armas (2915).jpg,armas (2915).txt
armas (2916).jpg,armas (2916).txt
armas (2917).jpg,armas (2917).txt
armas (2918).jpg,armas (2918).txt
armas (2919).jpg,armas (2919).txt
armas (292).jpg,armas (292).txt
armas (2920).jpg,armas (2920).txt
armas (2921).jpg,armas (2921).txt
armas (2922).jpg,armas (2922).txt
armas (2923).jpg,armas (2923).txt
armas (2924).jpg,armas (2924).txt
armas (2925).jpg,armas (2925).txt
armas (2926).jpg,armas (2926).txt
armas (2927).jpg,armas (2927).txt
armas (2928).jpg,armas (2928).txt
armas (2929).jpg,armas (2929).txt
armas (293).jpg,armas (293).txt
armas (2930).jpg,armas (2930).txt
armas (2931).jpg,armas (2931).txt
armas (2932).jpg,armas (2932).txt
armas (2933).jpg,armas (2933).txt
armas (2934).jpg,armas (2934).txt
armas (2935).jpg,armas (2935).txt
armas (2936).jpg,armas (2936).txt
armas (2937).jpg,armas (2937).txt
armas (2938).jpg,armas (2938).txt
armas (2939).jpg,armas (2939).txt
armas (294).jpg,armas (294).txt
armas (2940).jpg,armas (2940).txt
armas (2941).jpg,armas (2941).txt
armas (2942).jpg,armas (2942).txt
armas (2943).jpg,armas (2943).txt
armas (2944).jpg,armas (2944).txt
armas (2945).jpg,armas (2945).txt
armas (2946).jpg,armas (2946).txt
armas (2947).jpg,armas (2947).txt
armas (2948).jpg,armas (2948).txt
armas (2949).jpg,armas (2949).txt
armas (295).jpg,armas (295).txt
armas (2950).jpg,armas (2950).txt
armas (2951).jpg,armas (2951).txt
armas (2952).jpg,armas (2952).txt
armas (2953).jpg,armas (2953).txt
armas (2954).jpg,armas (2954).txt
armas (2955).jpg,armas (2955).txt
armas (2956).jpg,armas (2956).txt
armas (2957).jpg,armas (2957).txt
armas (2958).jpg,armas (2958).txt
armas (2959).jpg,armas (2959).txt
armas (296).jpg,armas (296).txt
armas (2960).jpg,armas (2960).txt
armas (2961).jpg,armas (2961).txt
armas (2962).jpg,armas (2962).txt
armas (2963).jpg,armas (2963).txt
armas (2964).jpg,armas (2964).txt
armas (2965).jpg,armas (2965).txt
armas (2966).jpg,armas (2966).txt
armas (2967).jpg,armas (2967).txt
armas (2968).jpg,armas (2968).txt
armas (2969).jpg,armas (2969).txt
armas (297).jpg,armas (297).txt
armas (2970).jpg,armas (2970).txt
armas (2971).jpg,armas (2971).txt
armas (2972).jpg,armas (2972).txt
armas (2973).jpg,armas (2973).txt
armas (2974).jpg,armas (2974).txt
armas (2975).jpg,armas (2975).txt
armas (2976).jpg,armas (2976).txt
armas (2977).jpg,armas (2977).txt
armas (2978).jpg,armas (2978).txt
armas (2979).jpg,armas (2979).txt
armas (298).jpg,armas (298).txt
armas (2980).jpg,armas (2980).txt
armas (2981).jpg,armas (2981).txt
armas (2982).jpg,armas (2982).txt
armas (2983).jpg,armas (2983).txt
armas (2984).jpg,armas (2984).txt
armas (2985).jpg,armas (2985).txt
armas (2986).jpg,armas (2986).txt
armas (2987).jpg,armas (2987).txt
armas (2988).jpg,armas (2988).txt
armas (2989).jpg,armas (2989).txt
armas (299).jpg,armas (299).txt
armas (2990).jpg,armas (2990).txt
armas (2991).jpg,armas (2991).txt
armas (2992).jpg,armas (2992).txt
armas (2993).jpg,armas (2993).txt
armas (2994).jpg,armas (2994).txt
armas (2995).jpg,armas (2995).txt
armas (2996).jpg,armas (2996).txt
armas (2997).jpg,armas (2997).txt
armas (2998).jpg,armas (2998).txt
armas (2999).jpg,armas (2999).txt
armas (3).jpg,armas (3).txt
armas (30).jpg,armas (30).txt
armas (300).jpg,armas (300).txt
armas (3000).jpg,armas (3000).txt
armas (301).jpg,armas (301).txt
armas (302).jpg,armas (302).txt
armas (303).jpg,armas (303).txt
armas (304).jpg,armas (304).txt
armas (305).jpg,armas (305).txt
armas (306).jpg,armas (306).txt
armas (307).jpg,armas (307).txt
armas (308).jpg,armas (308).txt
armas (309).jpg,armas (309).txt
armas (31).jpg,armas (31).txt
armas (310).jpg,armas (310).txt
armas (311).jpg,armas (311).txt
armas (312).jpg,armas (312).txt
armas (313).jpg,armas (313).txt
armas (314).jpg,armas (314).txt
armas (315).jpg,armas (315).txt
armas (316).jpg,armas (316).txt
armas (317).jpg,armas (317).txt
armas (318).jpg,armas (318).txt
armas (319).jpg,armas (319).txt
armas (32).jpg,armas (32).txt
armas (320).jpg,armas (320).txt
armas (321).jpg,armas (321).txt
armas (322).jpg,armas (322).txt
armas (323).jpg,armas (323).txt
armas (324).jpg,armas (324).txt
armas (325).jpg,armas (325).txt
armas (326).jpg,armas (326).txt
armas (327).jpg,armas (327).txt
armas (328).jpg,armas (328).txt
armas (329).jpg,armas (329).txt
armas (33).jpg,armas (33).txt
armas (330).jpg,armas (330).txt
armas (331).jpg,armas (331).txt
armas (332).jpg,armas (332).txt
armas (333).jpg,armas (333).txt
armas (334).jpg,armas (334).txt
armas (335).jpg,armas (335).txt
armas (336).jpg,armas (336).txt
armas (337).jpg,armas (337).txt
armas (338).jpg,armas (338).txt
armas (339).jpg,armas (339).txt
armas (34).jpg,armas (34).txt
armas (340).jpg,armas (340).txt
armas (341).jpg,armas (341).txt
armas (342).jpg,armas (342).txt
armas (343).jpg,armas (343).txt
armas (344).jpg,armas (344).txt
armas (345).jpg,armas (345).txt
armas (346).jpg,armas (346).txt
armas (347).jpg,armas (347).txt
armas (348).jpg,armas (348).txt
armas (349).jpg,armas (349).txt
armas (35).jpg,armas (35).txt
armas (350).jpg,armas (350).txt
armas (351).jpg,armas (351).txt
armas (352).jpg,armas (352).txt
armas (353).jpg,armas (353).txt
armas (354).jpg,armas (354).txt
armas (355).jpg,armas (355).txt
armas (356).jpg,armas (356).txt
armas (357).jpg,armas (357).txt
armas (358).jpg,armas (358).txt
armas (359).jpg,armas (359).txt
armas (36).jpg,armas (36).txt
armas (360).jpg,armas (360).txt
armas (361).jpg,armas (361).txt
armas (362).jpg,armas (362).txt
armas (363).jpg,armas (363).txt
armas (364).jpg,armas (364).txt
armas (365).jpg,armas (365).txt
armas (366).jpg,armas (366).txt
armas (367).jpg,armas (367).txt
armas (368).jpg,armas (368).txt
armas (369).jpg,armas (369).txt
armas (37).jpg,armas (37).txt
armas (370).jpg,armas (370).txt
armas (371).jpg,armas (371).txt
armas (372).jpg,armas (372).txt
armas (373).jpg,armas (373).txt
armas (374).jpg,armas (374).txt
armas (375).jpg,armas (375).txt
armas (376).jpg,armas (376).txt
armas (377).jpg,armas (377).txt
armas (378).jpg,armas (378).txt
armas (379).jpg,armas (379).txt
armas (38).jpg,armas (38).txt
armas (380).jpg,armas (380).txt
armas (381).jpg,armas (381).txt
armas (382).jpg,armas (382).txt
armas (383).jpg,armas (383).txt
armas (384).jpg,armas (384).txt
armas (385).jpg,armas (385).txt
armas (386).jpg,armas (386).txt
armas (387).jpg,armas (387).txt
armas (388).jpg,armas (388).txt
armas (389).jpg,armas (389).txt
armas (39).jpg,armas (39).txt
armas (390).jpg,armas (390).txt
armas (391).jpg,armas (391).txt
armas (392).jpg,armas (392).txt
armas (393).jpg,armas (393).txt
armas (394).jpg,armas (394).txt
armas (395).jpg,armas (395).txt
armas (396).jpg,armas (396).txt
armas (397).jpg,armas (397).txt
armas (398).jpg,armas (398).txt
armas (399).jpg,armas (399).txt
armas (4).jpg,armas (4).txt
armas (40).jpg,armas (40).txt
armas (400).jpg,armas (400).txt
armas (401).jpg,armas (401).txt
armas (402).jpg,armas (402).txt
armas (403).jpg,armas (403).txt
armas (404).jpg,armas (404).txt
armas (405).jpg,armas (405).txt
armas (406).jpg,armas (406).txt
armas (407).jpg,armas (407).txt
armas (408).jpg,armas (408).txt
armas (409).jpg,armas (409).txt
armas (41).jpg,armas (41).txt
armas (410).jpg,armas (410).txt
armas (411).jpg,armas (411).txt
armas (412).jpg,armas (412).txt
armas (413).jpg,armas (413).txt
armas (414).jpg,armas (414).txt
armas (415).jpg,armas (415).txt
armas (416).jpg,armas (416).txt
armas (417).jpg,armas (417).txt
armas (418).jpg,armas (418).txt
armas (419).jpg,armas (419).txt
armas (42).jpg,armas (42).txt
armas (420).jpg,armas (420).txt
armas (421).jpg,armas (421).txt
armas (422).jpg,armas (422).txt
armas (423).jpg,armas (423).txt
armas (424).jpg,armas (424).txt
armas (425).jpg,armas (425).txt
armas (426).jpg,armas (426).txt
armas (427).jpg,armas (427).txt
armas (428).jpg,armas (428).txt
armas (429).jpg,armas (429).txt
armas (43).jpg,armas (43).txt
armas (430).jpg,armas (430).txt
armas (431).jpg,armas (431).txt
armas (432).jpg,armas (432).txt
armas (433).jpg,armas (433).txt
armas (434).jpg,armas (434).txt
armas (435).jpg,armas (435).txt
armas (436).jpg,armas (436).txt
armas (437).jpg,armas (437).txt
armas (438).jpg,armas (438).txt
armas (439).jpg,armas (439).txt
armas (44).jpg,armas (44).txt
armas (440).jpg,armas (440).txt
armas (441).jpg,armas (441).txt
armas (442).jpg,armas (442).txt
armas (443).jpg,armas (443).txt
armas (444).jpg,armas (444).txt
armas (445).jpg,armas (445).txt
armas (446).jpg,armas (446).txt
armas (447).jpg,armas (447).txt
armas (448).jpg,armas (448).txt
armas (449).jpg,armas (449).txt
armas (45).jpg,armas (45).txt
armas (450).jpg,armas (450).txt
armas (451).jpg,armas (451).txt
armas (452).jpg,armas (452).txt
armas (453).jpg,armas (453).txt
armas (454).jpg,armas (454).txt
armas (455).jpg,armas (455).txt
armas (456).jpg,armas (456).txt
armas (457).jpg,armas (457).txt
armas (458).jpg,armas (458).txt
armas (459).jpg,armas (459).txt
armas (46).jpg,armas (46).txt
armas (460).jpg,armas (460).txt
armas (461).jpg,armas (461).txt
armas (462).jpg,armas (462).txt
armas (463).jpg,armas (463).txt
armas (464).jpg,armas (464).txt
armas (465).jpg,armas (465).txt
armas (466).jpg,armas (466).txt
armas (467).jpg,armas (467).txt
armas (468).jpg,armas (468).txt
armas (469).jpg,armas (469).txt
armas (47).jpg,armas (47).txt
armas (470).jpg,armas (470).txt
armas (471).jpg,armas (471).txt
armas (472).jpg,armas (472).txt
armas (473).jpg,armas (473).txt
armas (474).jpg,armas (474).txt
armas (475).jpg,armas (475).txt
armas (476).jpg,armas (476).txt
armas (477).jpg,armas (477).txt
armas (478).jpg,armas (478).txt
armas (479).jpg,armas (479).txt
armas (48).jpg,armas (48).txt
armas (480).jpg,armas (480).txt
armas (481).jpg,armas (481).txt
armas (482).jpg,armas (482).txt
armas (483).jpg,armas (483).txt
armas (484).jpg,armas (484).txt
armas (485).jpg,armas (485).txt
armas (486).jpg,armas (486).txt
armas (487).jpg,armas (487).txt
armas (488).jpg,armas (488).txt
armas (489).jpg,armas (489).txt
armas (49).jpg,armas (49).txt
armas (490).jpg,armas (490).txt
armas (491).jpg,armas (491).txt
armas (492).jpg,armas (492).txt
armas (493).jpg,armas (493).txt
armas (494).jpg,armas (494).txt
armas (495).jpg,armas (495).txt
armas (496).jpg,armas (496).txt
armas (497).jpg,armas (497).txt
armas (498).jpg,armas (498).txt
armas (499).jpg,armas (499).txt
armas (5).jpg,armas (5).txt
armas (50).jpg,armas (50).txt
armas (500).jpg,armas (500).txt
armas (501).jpg,armas (501).txt
armas (502).jpg,armas (502).txt
armas (503).jpg,armas (503).txt
armas (504).jpg,armas (504).txt
armas (505).jpg,armas (505).txt
armas (506).jpg,armas (506).txt
armas (507).jpg,armas (507).txt
armas (508).jpg,armas (508).txt
armas (509).jpg,armas (509).txt
armas (51).jpg,armas (51).txt
armas (510).jpg,armas (510).txt
armas (511).jpg,armas (511).txt
armas (512).jpg,armas (512).txt
armas (513).jpg,armas (513).txt
armas (514).jpg,armas (514).txt
armas (515).jpg,armas (515).txt
armas (516).jpg,armas (516).txt
armas (517).jpg,armas (517).txt
armas (518).jpg,armas (518).txt
armas (519).jpg,armas (519).txt
armas (52).jpg,armas (52).txt
armas (520).jpg,armas (520).txt
armas (521).jpg,armas (521).txt
armas (522).jpg,armas (522).txt
armas (523).jpg,armas (523).txt
armas (524).jpg,armas (524).txt
armas (525).jpg,armas (525).txt
armas (526).jpg,armas (526).txt
armas (527).jpg,armas (527).txt
armas (528).jpg,armas (528).txt
armas (529).jpg,armas (529).txt
armas (53).jpg,armas (53).txt
armas (530).jpg,armas (530).txt
armas (531).jpg,armas (531).txt
armas (532).jpg,armas (532).txt
armas (533).jpg,armas (533).txt
armas (534).jpg,armas (534).txt
armas (535).jpg,armas (535).txt
armas (536).jpg,armas (536).txt
armas (537).jpg,armas (537).txt
armas (538).jpg,armas (538).txt
armas (539).jpg,armas (539).txt
armas (54).jpg,armas (54).txt
armas (540).jpg,armas (540).txt
armas (541).jpg,armas (541).txt
armas (542).jpg,armas (542).txt
armas (543).jpg,armas (543).txt
armas (544).jpg,armas (544).txt
armas (545).jpg,armas (545).txt
armas (546).jpg,armas (546).txt
armas (547).jpg,armas (547).txt
armas (548).jpg,armas (548).txt
armas (549).jpg,armas (549).txt
armas (55).jpg,armas (55).txt
armas (550).jpg,armas (550).txt
armas (551).jpg,armas (551).txt
armas (552).jpg,armas (552).txt
armas (553).jpg,armas (553).txt
armas (554).jpg,armas (554).txt
armas (555).jpg,armas (555).txt
armas (556).jpg,armas (556).txt
armas (557).jpg,armas (557).txt
armas (558).jpg,armas (558).txt
armas (559).jpg,armas (559).txt
armas (56).jpg,armas (56).txt
armas (560).jpg,armas (560).txt
armas (561).jpg,armas (561).txt
armas (562).jpg,armas (562).txt
armas (563).jpg,armas (563).txt
armas (564).jpg,armas (564).txt
armas (565).jpg,armas (565).txt
armas (566).jpg,armas (566).txt
armas (567).jpg,armas (567).txt
armas (568).jpg,armas (568).txt
armas (569).jpg,armas (569).txt
armas (57).jpg,armas (57).txt
armas (570).jpg,armas (570).txt
armas (571).jpg,armas (571).txt
armas (572).jpg,armas (572).txt
armas (573).jpg,armas (573).txt
armas (574).jpg,armas (574).txt
armas (575).jpg,armas (575).txt
armas (576).jpg,armas (576).txt
armas (577).jpg,armas (577).txt
armas (578).jpg,armas (578).txt
armas (579).jpg,armas (579).txt
armas (58).jpg,armas (58).txt
armas (580).jpg,armas (580).txt
armas (581).jpg,armas (581).txt
armas (582).jpg,armas (582).txt
armas (583).jpg,armas (583).txt
armas (584).jpg,armas (584).txt
armas (585).jpg,armas (585).txt
armas (586).jpg,armas (586).txt
armas (587).jpg,armas (587).txt
armas (588).jpg,armas (588).txt
armas (589).jpg,armas (589).txt
armas (59).jpg,armas (59).txt
armas (590).jpg,armas (590).txt
armas (591).jpg,armas (591).txt
armas (592).jpg,armas (592).txt
armas (593).jpg,armas (593).txt
armas (594).jpg,armas (594).txt
armas (595).jpg,armas (595).txt
armas (596).jpg,armas (596).txt
armas (597).jpg,armas (597).txt
armas (598).jpg,armas (598).txt
armas (599).jpg,armas (599).txt
armas (6).jpg,armas (6).txt
armas (60).jpg,armas (60).txt
armas (600).jpg,armas (600).txt
armas (601).jpg,armas (601).txt
armas (602).jpg,armas (602).txt
armas (603).jpg,armas (603).txt
armas (604).jpg,armas (604).txt
armas (605).jpg,armas (605).txt
armas (606).jpg,armas (606).txt
armas (607).jpg,armas (607).txt
armas (608).jpg,armas (608).txt
armas (609).jpg,armas (609).txt
armas (61).jpg,armas (61).txt
armas (610).jpg,armas (610).txt
armas (611).jpg,armas (611).txt
armas (612).jpg,armas (612).txt
armas (613).jpg,armas (613).txt
armas (614).jpg,armas (614).txt
armas (615).jpg,armas (615).txt
armas (616).jpg,armas (616).txt
armas (617).jpg,armas (617).txt
armas (618).jpg,armas (618).txt
armas (619).jpg,armas (619).txt
armas (62).jpg,armas (62).txt
armas (620).jpg,armas (620).txt
armas (621).jpg,armas (621).txt
armas (622).jpg,armas (622).txt
armas (623).jpg,armas (623).txt
armas (624).jpg,armas (624).txt
armas (625).jpg,armas (625).txt
armas (626).jpg,armas (626).txt
armas (627).jpg,armas (627).txt
armas (628).jpg,armas (628).txt
armas (629).jpg,armas (629).txt
armas (63).jpg,armas (63).txt
armas (630).jpg,armas (630).txt
armas (631).jpg,armas (631).txt
armas (632).jpg,armas (632).txt
armas (633).jpg,armas (633).txt
armas (634).jpg,armas (634).txt
armas (635).jpg,armas (635).txt
armas (636).jpg,armas (636).txt
armas (637).jpg,armas (637).txt
armas (638).jpg,armas (638).txt
armas (639).jpg,armas (639).txt
armas (64).jpg,armas (64).txt
armas (640).jpg,armas (640).txt
armas (641).jpg,armas (641).txt
armas (642).jpg,armas (642).txt
armas (643).jpg,armas (643).txt
armas (644).jpg,armas (644).txt
armas (645).jpg,armas (645).txt
armas (646).jpg,armas (646).txt
armas (647).jpg,armas (647).txt
armas (648).jpg,armas (648).txt
armas (649).jpg,armas (649).txt
armas (65).jpg,armas (65).txt
armas (650).jpg,armas (650).txt
armas (651).jpg,armas (651).txt
armas (652).jpg,armas (652).txt
armas (653).jpg,armas (653).txt
armas (654).jpg,armas (654).txt
armas (655).jpg,armas (655).txt
armas (656).jpg,armas (656).txt
armas (657).jpg,armas (657).txt
armas (658).jpg,armas (658).txt
armas (659).jpg,armas (659).txt
armas (66).jpg,armas (66).txt
armas (660).jpg,armas (660).txt
armas (661).jpg,armas (661).txt
armas (662).jpg,armas (662).txt
armas (663).jpg,armas (663).txt
armas (664).jpg,armas (664).txt
armas (665).jpg,armas (665).txt
armas (666).jpg,armas (666).txt
armas (667).jpg,armas (667).txt
armas (668).jpg,armas (668).txt
armas (669).jpg,armas (669).txt
armas (67).jpg,armas (67).txt
armas (670).jpg,armas (670).txt
armas (671).jpg,armas (671).txt
armas (672).jpg,armas (672).txt
armas (673).jpg,armas (673).txt
armas (674).jpg,armas (674).txt
armas (675).jpg,armas (675).txt
armas (676).jpg,armas (676).txt
armas (677).jpg,armas (677).txt
armas (678).jpg,armas (678).txt
armas (679).jpg,armas (679).txt
armas (68).jpg,armas (68).txt
armas (680).jpg,armas (680).txt
armas (681).jpg,armas (681).txt
armas (682).jpg,armas (682).txt
armas (683).jpg,armas (683).txt
armas (684).jpg,armas (684).txt
armas (685).jpg,armas (685).txt
armas (686).jpg,armas (686).txt
armas (687).jpg,armas (687).txt
armas (688).jpg,armas (688).txt
armas (689).jpg,armas (689).txt
armas (69).jpg,armas (69).txt
armas (690).jpg,armas (690).txt
armas (691).jpg,armas (691).txt
armas (692).jpg,armas (692).txt
armas (693).jpg,armas (693).txt
armas (694).jpg,armas (694).txt
armas (695).jpg,armas (695).txt
armas (696).jpg,armas (696).txt
armas (697).jpg,armas (697).txt
armas (698).jpg,armas (698).txt
armas (699).jpg,armas (699).txt
armas (7).jpg,armas (7).txt
armas (70).jpg,armas (70).txt
armas (700).jpg,armas (700).txt
armas (701).jpg,armas (701).txt
armas (702).jpg,armas (702).txt
armas (703).jpg,armas (703).txt
armas (704).jpg,armas (704).txt
armas (705).jpg,armas (705).txt
armas (706).jpg,armas (706).txt
armas (707).jpg,armas (707).txt
armas (708).jpg,armas (708).txt
armas (709).jpg,armas (709).txt
armas (71).jpg,armas (71).txt
armas (710).jpg,armas (710).txt
armas (711).jpg,armas (711).txt
armas (712).jpg,armas (712).txt
armas (713).jpg,armas (713).txt
armas (714).jpg,armas (714).txt
armas (715).jpg,armas (715).txt
armas (716).jpg,armas (716).txt
armas (717).jpg,armas (717).txt
armas (718).jpg,armas (718).txt
armas (719).jpg,armas (719).txt
armas (72).jpg,armas (72).txt
armas (720).jpg,armas (720).txt
armas (721).jpg,armas (721).txt
armas (722).jpg,armas (722).txt
armas (723).jpg,armas (723).txt
armas (724).jpg,armas (724).txt
armas (725).jpg,armas (725).txt
armas (726).jpg,armas (726).txt
armas (727).jpg,armas (727).txt
armas (728).jpg,armas (728).txt
armas (729).jpg,armas (729).txt
armas (73).jpg,armas (73).txt
armas (730).jpg,armas (730).txt
armas (731).jpg,armas (731).txt
armas (732).jpg,armas (732).txt
armas (733).jpg,armas (733).txt
armas (734).jpg,armas (734).txt
armas (735).jpg,armas (735).txt
armas (736).jpg,armas (736).txt
armas (737).jpg,armas (737).txt
armas (738).jpg,armas (738).txt
armas (739).jpg,armas (739).txt
armas (74).jpg,armas (74).txt
armas (740).jpg,armas (740).txt
armas (741).jpg,armas (741).txt
armas (742).jpg,armas (742).txt
armas (743).jpg,armas (743).txt
armas (744).jpg,armas (744).txt
armas (745).jpg,armas (745).txt
armas (746).jpg,armas (746).txt
armas (747).jpg,armas (747).txt
armas (748).jpg,armas (748).txt
armas (749).jpg,armas (749).txt
armas (75).jpg,armas (75).txt
armas (750).jpg,armas (750).txt
armas (751).jpg,armas (751).txt
armas (752).jpg,armas (752).txt
armas (753).jpg,armas (753).txt
armas (754).jpg,armas (754).txt
armas (755).jpg,armas (755).txt
armas (756).jpg,armas (756).txt
armas (757).jpg,armas (757).txt
armas (758).jpg,armas (758).txt
armas (759).jpg,armas (759).txt
armas (76).jpg,armas (76).txt
armas (760).jpg,armas (760).txt
armas (761).jpg,armas (761).txt
armas (762).jpg,armas (762).txt
armas (763).jpg,armas (763).txt
armas (764).jpg,armas (764).txt
armas (765).jpg,armas (765).txt
armas (766).jpg,armas (766).txt
armas (767).jpg,armas (767).txt
armas (768).jpg,armas (768).txt
armas (769).jpg,armas (769).txt
armas (77).jpg,armas (77).txt
armas (770).jpg,armas (770).txt
armas (771).jpg,armas (771).txt
armas (772).jpg,armas (772).txt
armas (773).jpg,armas (773).txt
armas (774).jpg,armas (774).txt
armas (775).jpg,armas (775).txt
armas (776).jpg,armas (776).txt
armas (777).jpg,armas (777).txt
armas (778).jpg,armas (778).txt
armas (779).jpg,armas (779).txt
armas (78).jpg,armas (78).txt
armas (780).jpg,armas (780).txt
armas (781).jpg,armas (781).txt
armas (782).jpg,armas (782).txt
armas (783).jpg,armas (783).txt
armas (784).jpg,armas (784).txt
armas (785).jpg,armas (785).txt
armas (786).jpg,armas (786).txt
armas (787).jpg,armas (787).txt
armas (788).jpg,armas (788).txt
armas (789).jpg,armas (789).txt
armas (79).jpg,armas (79).txt
armas (790).jpg,armas (790).txt
armas (791).jpg,armas (791).txt
armas (792).jpg,armas (792).txt
armas (793).jpg,armas (793).txt
armas (794).jpg,armas (794).txt
armas (795).jpg,armas (795).txt
armas (796).jpg,armas (796).txt
armas (797).jpg,armas (797).txt
armas (798).jpg,armas (798).txt
armas (799).jpg,armas (799).txt
armas (8).jpg,armas (8).txt
armas (80).jpg,armas (80).txt
armas (800).jpg,armas (800).txt
armas (801).jpg,armas (801).txt
armas (802).jpg,armas (802).txt
armas (803).jpg,armas (803).txt
armas (804).jpg,armas (804).txt
armas (805).jpg,armas (805).txt
armas (806).jpg,armas (806).txt
armas (807).jpg,armas (807).txt
armas (808).jpg,armas (808).txt
armas (809).jpg,armas (809).txt
armas (81).jpg,armas (81).txt
armas (810).jpg,armas (810).txt
armas (811).jpg,armas (811).txt
armas (812).jpg,armas (812).txt
armas (813).jpg,armas (813).txt
armas (814).jpg,armas (814).txt
armas (815).jpg,armas (815).txt
armas (816).jpg,armas (816).txt
armas (817).jpg,armas (817).txt
armas (818).jpg,armas (818).txt
armas (819).jpg,armas (819).txt
armas (82).jpg,armas (82).txt
armas (820).jpg,armas (820).txt
armas (821).jpg,armas (821).txt
armas (822).jpg,armas (822).txt
armas (823).jpg,armas (823).txt
armas (824).jpg,armas (824).txt
armas (825).jpg,armas (825).txt
armas (826).jpg,armas (826).txt
armas (827).jpg,armas (827).txt
armas (828).jpg,armas (828).txt
armas (829).jpg,armas (829).txt
armas (83).jpg,armas (83).txt
armas (830).jpg,armas (830).txt
armas (831).jpg,armas (831).txt
armas (832).jpg,armas (832).txt
armas (833).jpg,armas (833).txt
armas (834).jpg,armas (834).txt
armas (835).jpg,armas (835).txt
armas (836).jpg,armas (836).txt
armas (837).jpg,armas (837).txt
armas (838).jpg,armas (838).txt
armas (839).jpg,armas (839).txt
armas (84).jpg,armas (84).txt
armas (840).jpg,armas (840).txt
armas (841).jpg,armas (841).txt
armas (842).jpg,armas (842).txt
armas (843).jpg,armas (843).txt
armas (844).jpg,armas (844).txt
armas (845).jpg,armas (845).txt
armas (846).jpg,armas (846).txt
armas (847).jpg,armas (847).txt
armas (848).jpg,armas (848).txt
armas (849).jpg,armas (849).txt
armas (85).jpg,armas (85).txt
armas (850).jpg,armas (850).txt
armas (851).jpg,armas (851).txt
armas (852).jpg,armas (852).txt
armas (853).jpg,armas (853).txt
armas (854).jpg,armas (854).txt
armas (855).jpg,armas (855).txt
armas (856).jpg,armas (856).txt
armas (857).jpg,armas (857).txt
armas (858).jpg,armas (858).txt
armas (859).jpg,armas (859).txt
armas (86).jpg,armas (86).txt
armas (860).jpg,armas (860).txt
armas (861).jpg,armas (861).txt
armas (862).jpg,armas (862).txt
armas (863).jpg,armas (863).txt
armas (864).jpg,armas (864).txt
armas (865).jpg,armas (865).txt
armas (866).jpg,armas (866).txt
armas (867).jpg,armas (867).txt
armas (868).jpg,armas (868).txt
armas (869).jpg,armas (869).txt
armas (87).jpg,armas (87).txt
armas (870).jpg,armas (870).txt
armas (871).jpg,armas (871).txt
armas (872).jpg,armas (872).txt
armas (873).jpg,armas (873).txt
armas (874).jpg,armas (874).txt
armas (875).jpg,armas (875).txt
armas (876).jpg,armas (876).txt
armas (877).jpg,armas (877).txt
armas (878).jpg,armas (878).txt
armas (879).jpg,armas (879).txt
armas (88).jpg,armas (88).txt
armas (880).jpg,armas (880).txt
armas (881).jpg,armas (881).txt
armas (882).jpg,armas (882).txt
armas (883).jpg,armas (883).txt
armas (884).jpg,armas (884).txt
armas (885).jpg,armas (885).txt
armas (886).jpg,armas (886).txt
armas (887).jpg,armas (887).txt
armas (888).jpg,armas (888).txt
armas (889).jpg,armas (889).txt
armas (89).jpg,armas (89).txt
armas (890).jpg,armas (890).txt
armas (891).jpg,armas (891).txt
armas (892).jpg,armas (892).txt
armas (893).jpg,armas (893).txt
armas (894).jpg,armas (894).txt
armas (895).jpg,armas (895).txt
armas (896).jpg,armas (896).txt
armas (897).jpg,armas (897).txt
armas (898).jpg,armas (898).txt
armas (899).jpg,armas (899).txt
armas (9).jpg,armas (9).txt
armas (90).jpg,armas (90).txt
armas (900).jpg,armas (900).txt
armas (901).jpg,armas (901).txt
armas (902).jpg,armas (902).txt
armas (903).jpg,armas (903).txt
armas (904).jpg,armas (904).txt
armas (905).jpg,armas (905).txt
armas (906).jpg,armas (906).txt
armas (907).jpg,armas (907).txt
armas (908).jpg,armas (908).txt
armas (909).jpg,armas (909).txt
armas (91).jpg,armas (91).txt
armas (910).jpg,armas (910).txt
armas (911).jpg,armas (911).txt
armas (912).jpg,armas (912).txt
armas (913).jpg,armas (913).txt
armas (914).jpg,armas (914).txt
armas (915).jpg,armas (915).txt
armas (916).jpg,armas (916).txt
armas (917).jpg,armas (917).txt
armas (918).jpg,armas (918).txt
armas (919).jpg,armas (919).txt
armas (92).jpg,armas (92).txt
armas (920).jpg,armas (920).txt
armas (921).jpg,armas (921).txt
armas (922).jpg,armas (922).txt
armas (923).jpg,armas (923).txt
armas (924).jpg,armas (924).txt
armas (925).jpg,armas (925).txt
armas (926).jpg,armas (926).txt
armas (927).jpg,armas (927).txt
armas (928).jpg,armas (928).txt
armas (929).jpg,armas (929).txt
armas (93).jpg,armas (93).txt
armas (930).jpg,armas (930).txt
armas (931).jpg,armas (931).txt
armas (932).jpg,armas (932).txt
armas (933).jpg,armas (933).txt
armas (934).jpg,armas (934).txt
armas (935).jpg,armas (935).txt
armas (936).jpg,armas (936).txt
armas (937).jpg,armas (937).txt
armas (938).jpg,armas (938).txt
armas (939).jpg,armas (939).txt
armas (94).jpg,armas (94).txt
armas (940).jpg,armas (940).txt
armas (941).jpg,armas (941).txt
armas (942).jpg,armas (942).txt
armas (943).jpg,armas (943).txt
armas (944).jpg,armas (944).txt
armas (945).jpg,armas (945).txt
armas (946).jpg,armas (946).txt
armas (947).jpg,armas (947).txt
armas (948).jpg,armas (948).txt
armas (949).jpg,armas (949).txt
armas (95).jpg,armas (95).txt
armas (950).jpg,armas (950).txt
armas (951).jpg,armas (951).txt
armas (952).jpg,armas (952).txt
armas (953).jpg,armas (953).txt
armas (954).jpg,armas (954).txt
armas (955).jpg,armas (955).txt
armas (956).jpg,armas (956).txt
armas (957).jpg,armas (957).txt
armas (958).jpg,armas (958).txt
armas (959).jpg,armas (959).txt
armas (96).jpg,armas (96).txt
armas (960).jpg,armas (960).txt
armas (961).jpg,armas (961).txt
armas (962).jpg,armas (962).txt
armas (963).jpg,armas (963).txt
armas (964).jpg,armas (964).txt
armas (965).jpg,armas (965).txt
armas (966).jpg,armas (966).txt
armas (967).jpg,armas (967).txt
armas (968).jpg,armas (968).txt
armas (969).jpg,armas (969).txt
armas (97).jpg,armas (97).txt
armas (970).jpg,armas (970).txt
armas (971).jpg,armas (971).txt
armas (972).jpg,armas (972).txt
armas (973).jpg,armas (973).txt
armas (974).jpg,armas (974).txt
armas (975).jpg,armas (975).txt
armas (976).jpg,armas (976).txt
armas (977).jpg,armas (977).txt
armas (978).jpg,armas (978).txt
armas (979).jpg,armas (979).txt
armas (98).jpg,armas (98).txt
armas (980).jpg,armas (980).txt
armas (981).jpg,armas (981).txt
armas (982).jpg,armas (982).txt
armas (983).jpg,armas (983).txt
armas (984).jpg,armas (984).txt
armas (985).jpg,armas (985).txt
armas (986).jpg,armas (986).txt
armas (987).jpg,armas (987).txt
armas (988).jpg,armas (988).txt
armas (989).jpg,armas (989).txt
armas (99).jpg,armas (99).txt
armas (990).jpg,armas (990).txt
armas (991).jpg,armas (991).txt
armas (992).jpg,armas (992).txt
armas (993).jpg,armas (993).txt
armas (994).jpg,armas (994).txt
armas (995).jpg,armas (995).txt
armas (996).jpg,armas (996).txt
armas (997).jpg,armas (997).txt
armas (998).jpg,armas (998).txt
armas (999).jpg,armas (999).txt
armas (19).jpg,armas (19).txt
armas (190).jpg,armas (190).txt
armas (1900).jpg,armas (1900).txt
armas (1901).jpg,armas (1901).txt
armas (1902).jpg,armas (1902).txt
armas (1903).jpg,armas (1903).txt
armas (1904).jpg,armas (1904).txt
armas (1905).jpg,armas (1905).txt
armas (1906).jpg,armas (1906).txt
armas (1907).jpg,armas (1907).txt
armas (1908).jpg,armas (1908).txt
armas (1909).jpg,armas (1909).txt
armas (191).jpg,armas (191).txt
armas (1910).jpg,armas (1910).txt
armas (1911).jpg,armas (1911).txt
armas (1912).jpg,armas (1912).txt
armas (1913).jpg,armas (1913).txt
armas (1914).jpg,armas (1914).txt
armas (1915).jpg,armas (1915).txt
armas (1916).jpg,armas (1916).txt
armas (1917).jpg,armas (1917).txt
armas (1918).jpg,armas (1918).txt
armas (1919).jpg,armas (1919).txt
armas (192).jpg,armas (192).txt
armas (1920).jpg,armas (1920).txt
armas (1921).jpg,armas (1921).txt
armas (1922).jpg,armas (1922).txt
armas (1923).jpg,armas (1923).txt
armas (1924).jpg,armas (1924).txt
armas (1925).jpg,armas (1925).txt
armas (1926).jpg,armas (1926).txt
armas (1927).jpg,armas (1927).txt
armas (1928).jpg,armas (1928).txt
armas (1929).jpg,armas (1929).txt
armas (193).jpg,armas (193).txt
armas (1930).jpg,armas (1930).txt
armas (1931).jpg,armas (1931).txt
armas (1932).jpg,armas (1932).txt
armas (1933).jpg,armas (1933).txt
armas (1934).jpg,armas (1934).txt
armas (1935).jpg,armas (1935).txt
armas (1936).jpg,armas (1936).txt
armas (1937).jpg,armas (1937).txt
armas (1938).jpg,armas (1938).txt
armas (1939).jpg,armas (1939).txt
armas (194).jpg,armas (194).txt
armas (1940).jpg,armas (1940).txt
armas (1941).jpg,armas (1941).txt
armas (1942).jpg,armas (1942).txt
armas (1943).jpg,armas (1943).txt
armas (1944).jpg,armas (1944).txt
armas (1945).jpg,armas (1945).txt
armas (1946).jpg,armas (1946).txt
armas (1947).jpg,armas (1947).txt
armas (1948).jpg,armas (1948).txt
armas (1949).jpg,armas (1949).txt
armas (195).jpg,armas (195).txt
armas (1950).jpg,armas (1950).txt
armas (1951).jpg,armas (1951).txt
armas (1952).jpg,armas (1952).txt
armas (1953).jpg,armas (1953).txt
armas (1954).jpg,armas (1954).txt
armas (1955).jpg,armas (1955).txt
armas (1956).jpg,armas (1956).txt
armas (1957).jpg,armas (1957).txt
armas (1958).jpg,armas (1958).txt
armas (1959).jpg,armas (1959).txt
armas (196).jpg,armas (196).txt
armas (1960).jpg,armas (1960).txt
armas (1961).jpg,armas (1961).txt
armas (1962).jpg,armas (1962).txt
armas (1963).jpg,armas (1963).txt
armas (1964).jpg,armas (1964).txt
armas (1965).jpg,armas (1965).txt
armas (1966).jpg,armas (1966).txt
armas (1967).jpg,armas (1967).txt
armas (1968).jpg,armas (1968).txt
armas (1969).jpg,armas (1969).txt
armas (197).jpg,armas (197).txt
armas (1970).jpg,armas (1970).txt
armas (1971).jpg,armas (1971).txt
armas (1972).jpg,armas (1972).txt
armas (1973).jpg,armas (1973).txt
armas (1974).jpg,armas (1974).txt
armas (1975).jpg,armas (1975).txt
armas (1976).jpg,armas (1976).txt
armas (1977).jpg,armas (1977).txt
armas (1978).jpg,armas (1978).txt
armas (1979).jpg,armas (1979).txt
armas (198).jpg,armas (198).txt
armas (1980).jpg,armas (1980).txt
armas (1981).jpg,armas (1981).txt
armas (1982).jpg,armas (1982).txt
armas (1983).jpg,armas (1983).txt
armas (1984).jpg,armas (1984).txt
armas (1985).jpg,armas (1985).txt
armas (1986).jpg,armas (1986).txt
armas (1987).jpg,armas (1987).txt
armas (1988).jpg,armas (1988).txt
armas (1989).jpg,armas (1989).txt
armas (199).jpg,armas (199).txt
armas (1990).jpg,armas (1990).txt
armas (1991).jpg,armas (1991).txt
armas (1992).jpg,armas (1992).txt
armas (1993).jpg,armas (1993).txt
armas (1994).jpg,armas (1994).txt
armas (1995).jpg,armas (1995).txt
armas (1996).jpg,armas (1996).txt
armas (1997).jpg,armas (1997).txt
armas (1998).jpg,armas (1998).txt
armas (1999).jpg,armas (1999).txt
armas (2).jpg,armas (2).txt
armas (20).jpg,armas (20).txt
armas (200).jpg,armas (200).txt
armas (2000).jpg,armas (2000).txt
armas (2001).jpg,armas (2001).txt
armas (2002).jpg,armas (2002).txt
armas (2003).jpg,armas (2003).txt
armas (2004).jpg,armas (2004).txt
armas (2005).jpg,armas (2005).txt
armas (2006).jpg,armas (2006).txt
armas (2007).jpg,armas (2007).txt
armas (2008).jpg,armas (2008).txt
armas (2009).jpg,armas (2009).txt
armas (201).jpg,armas (201).txt
armas (2010).jpg,armas (2010).txt
armas (2011).jpg,armas (2011).txt
armas (2012).jpg,armas (2012).txt
armas (2013).jpg,armas (2013).txt
armas (2014).jpg,armas (2014).txt
armas (2015).jpg,armas (2015).txt
armas (2016).jpg,armas (2016).txt
armas (2017).jpg,armas (2017).txt
armas (2018).jpg,armas (2018).txt
armas (2019).jpg,armas (2019).txt
armas (202).jpg,armas (202).txt
armas (2020).jpg,armas (2020).txt
armas (2021).jpg,armas (2021).txt
armas (2022).jpg,armas (2022).txt
armas (2023).jpg,armas (2023).txt
armas (2024).jpg,armas (2024).txt
armas (2025).jpg,armas (2025).txt
armas (2026).jpg,armas (2026).txt
armas (2027).jpg,armas (2027).txt
armas (2028).jpg,armas (2028).txt
armas (2029).jpg,armas (2029).txt
armas (203).jpg,armas (203).txt
armas (2030).jpg,armas (2030).txt
armas (2031).jpg,armas (2031).txt
armas (2032).jpg,armas (2032).txt
armas (2033).jpg,armas (2033).txt
armas (2034).jpg,armas (2034).txt
armas (2035).jpg,armas (2035).txt
armas (2036).jpg,armas (2036).txt
armas (2037).jpg,armas (2037).txt
armas (2038).jpg,armas (2038).txt
armas (2039).jpg,armas (2039).txt
armas (204).jpg,armas (204).txt
armas (2040).jpg,armas (2040).txt
armas (2041).jpg,armas (2041).txt
armas (2042).jpg,armas (2042).txt
armas (2043).jpg,armas (2043).txt
armas (2044).jpg,armas (2044).txt
armas (2045).jpg,armas (2045).txt
armas (2046).jpg,armas (2046).txt
armas (2047).jpg,armas (2047).txt
armas (2048).jpg,armas (2048).txt
armas (2049).jpg,armas (2049).txt
armas (205).jpg,armas (205).txt
armas (2050).jpg,armas (2050).txt
armas (2051).jpg,armas (2051).txt
armas (2052).jpg,armas (2052).txt
armas (2053).jpg,armas (2053).txt
armas (2054).jpg,armas (2054).txt
armas (2055).jpg,armas (2055).txt
armas (2056).jpg,armas (2056).txt
armas (2057).jpg,armas (2057).txt
armas (2058).jpg,armas (2058).txt
armas (2059).jpg,armas (2059).txt
armas (206).jpg,armas (206).txt
armas (2060).jpg,armas (2060).txt
armas (2061).jpg,armas (2061).txt
armas (2062).jpg,armas (2062).txt
armas (2063).jpg,armas (2063).txt
armas (2064).jpg,armas (2064).txt
armas (2065).jpg,armas (2065).txt
armas (2066).jpg,armas (2066).txt
armas (2067).jpg,armas (2067).txt
armas (2068).jpg,armas (2068).txt
armas (2069).jpg,armas (2069).txt
armas (207).jpg,armas (207).txt
armas (2070).jpg,armas (2070).txt
armas (2071).jpg,armas (2071).txt
armas (2072).jpg,armas (2072).txt
armas (2073).jpg,armas (2073).txt
armas (2074).jpg,armas (2074).txt
armas (2075).jpg,armas (2075).txt
armas (2076).jpg,armas (2076).txt
armas (2077).jpg,armas (2077).txt
armas (2078).jpg,armas (2078).txt
armas (2079).jpg,armas (2079).txt
armas (208).jpg,armas (208).txt
armas (2080).jpg,armas (2080).txt
armas (2081).jpg,armas (2081).txt
armas (2082).jpg,armas (2082).txt
armas (2083).jpg,armas (2083).txt
armas (2084).jpg,armas (2084).txt
armas (2085).jpg,armas (2085).txt
armas (2086).jpg,armas (2086).txt
armas (2087).jpg,armas (2087).txt
armas (2088).jpg,armas (2088).txt
armas (2089).jpg,armas (2089).txt
armas (209).jpg,armas (209).txt
armas (2090).jpg,armas (2090).txt
armas (2091).jpg,armas (2091).txt
armas (2092).jpg,armas (2092).txt
armas (2093).jpg,armas (2093).txt
armas (2094).jpg,armas (2094).txt
armas (2095).jpg,armas (2095).txt
armas (2096).jpg,armas (2096).txt
armas (2097).jpg,armas (2097).txt
armas (2098).jpg,armas (2098).txt
armas (2099).jpg,armas (2099).txt
armas (21).jpg,armas (21).txt
armas (210).jpg,armas (210).txt
armas (2100).jpg,armas (2100).txt
armas (2101).jpg,armas (2101).txt
armas (2102).jpg,armas (2102).txt
armas (2103).jpg,armas (2103).txt
armas (2104).jpg,armas (2104).txt
armas (2105).jpg,armas (2105).txt
armas (2106).jpg,armas (2106).txt
armas (2107).jpg,armas (2107).txt
armas (2108).jpg,armas (2108).txt
armas (2109).jpg,armas (2109).txt
armas (211).jpg,armas (211).txt
armas (2110).jpg,armas (2110).txt
armas (2111).jpg,armas (2111).txt
armas (2112).jpg,armas (2112).txt
armas (2113).jpg,armas (2113).txt
armas (2114).jpg,armas (2114).txt
armas (2115).jpg,armas (2115).txt
armas (2116).jpg,armas (2116).txt
armas (2117).jpg,armas (2117).txt
armas (2118).jpg,armas (2118).txt
armas (2119).jpg,armas (2119).txt
armas (212).jpg,armas (212).txt
armas (2120).jpg,armas (2120).txt
armas (2121).jpg,armas (2121).txt
armas (2122).jpg,armas (2122).txt
armas (2123).jpg,armas (2123).txt
armas (2124).jpg,armas (2124).txt
armas (2125).jpg,armas (2125).txt
armas (2126).jpg,armas (2126).txt
armas (2127).jpg,armas (2127).txt
armas (2128).jpg,armas (2128).txt
armas (2129).jpg,armas (2129).txt
armas (213).jpg,armas (213).txt
armas (2130).jpg,armas (2130).txt
armas (2131).jpg,armas (2131).txt
armas (2132).jpg,armas (2132).txt
armas (2133).jpg,armas (2133).txt
armas (2134).jpg,armas (2134).txt
armas (2135).jpg,armas (2135).txt
armas (2136).jpg,armas (2136).txt
armas (2137).jpg,armas (2137).txt
armas (2138).jpg,armas (2138).txt
armas (2139).jpg,armas (2139).txt
armas (214).jpg,armas (214).txt
armas (2140).jpg,armas (2140).txt
armas (2141).jpg,armas (2141).txt
armas (2142).jpg,armas (2142).txt
armas (2143).jpg,armas (2143).txt
armas (2144).jpg,armas (2144).txt
armas (2145).jpg,armas (2145).txt
armas (2146).jpg,armas (2146).txt
armas (2147).jpg,armas (2147).txt
armas (2148).jpg,armas (2148).txt
armas (2149).jpg,armas (2149).txt
armas (215).jpg,armas (215).txt
armas (2150).jpg,armas (2150).txt
armas (2151).jpg,armas (2151).txt
armas (2152).jpg,armas (2152).txt
armas (2153).jpg,armas (2153).txt
armas (2154).jpg,armas (2154).txt
armas (2155).jpg,armas (2155).txt
armas (2156).jpg,armas (2156).txt
armas (2157).jpg,armas (2157).txt
armas (2158).jpg,armas (2158).txt
armas (2159).jpg,armas (2159).txt
armas (216).jpg,armas (216).txt
armas (2160).jpg,armas (2160).txt
armas (2161).jpg,armas (2161).txt
armas (2162).jpg,armas (2162).txt
armas (2163).jpg,armas (2163).txt
armas (2164).jpg,armas (2164).txt
armas (2165).jpg,armas (2165).txt
armas (2166).jpg,armas (2166).txt
armas (2167).jpg,armas (2167).txt
armas (2168).jpg,armas (2168).txt
armas (2169).jpg,armas (2169).txt
armas (217).jpg,armas (217).txt
armas (2170).jpg,armas (2170).txt
armas (2171).jpg,armas (2171).txt
armas (2172).jpg,armas (2172).txt
armas (2173).jpg,armas (2173).txt
armas (2174).jpg,armas (2174).txt
armas (2175).jpg,armas (2175).txt
armas (2176).jpg,armas (2176).txt
armas (2177).jpg,armas (2177).txt
armas (2178).jpg,armas (2178).txt
armas (2179).jpg,armas (2179).txt
armas (218).jpg,armas (218).txt
armas (2180).jpg,armas (2180).txt
armas (2181).jpg,armas (2181).txt
armas (2182).jpg,armas (2182).txt
armas (2183).jpg,armas (2183).txt
armas (2184).jpg,armas (2184).txt
armas (2185).jpg,armas (2185).txt
armas (2186).jpg,armas (2186).txt
armas (2187).jpg,armas (2187).txt
armas (2188).jpg,armas (2188).txt
armas (2189).jpg,armas (2189).txt
armas (219).jpg,armas (219).txt
armas (2190).jpg,armas (2190).txt
armas (2191).jpg,armas (2191).txt
armas (2192).jpg,armas (2192).txt
armas (2193).jpg,armas (2193).txt
armas (2194).jpg,armas (2194).txt
armas (2195).jpg,armas (2195).txt
armas (2196).jpg,armas (2196).txt
armas (2197).jpg,armas (2197).txt
armas (2198).jpg,armas (2198).txt
armas (2199).jpg,armas (2199).txt
armas (22).jpg,armas (22).txt
armas (220).jpg,armas (220).txt
armas (2200).jpg,armas (2200).txt
armas (2201).jpg,armas (2201).txt
armas (2202).jpg,armas (2202).txt
armas (2203).jpg,armas (2203).txt
armas (2204).jpg,armas (2204).txt
armas (2205).jpg,armas (2205).txt
armas (2206).jpg,armas (2206).txt
armas (2207).jpg,armas (2207).txt
armas (2208).jpg,armas (2208).txt
armas (2209).jpg,armas (2209).txt
armas (221).jpg,armas (221).txt
armas (2210).jpg,armas (2210).txt
armas (2211).jpg,armas (2211).txt
armas (2212).jpg,armas (2212).txt
armas (2213).jpg,armas (2213).txt
armas (2214).jpg,armas (2214).txt
armas (2215).jpg,armas (2215).txt
armas (2216).jpg,armas (2216).txt
armas (2217).jpg,armas (2217).txt
armas (2218).jpg,armas (2218).txt
armas (2219).jpg,armas (2219).txt
armas (222).jpg,armas (222).txt
armas (2220).jpg,armas (2220).txt
armas (2221).jpg,armas (2221).txt
armas (2222).jpg,armas (2222).txt
armas (2223).jpg,armas (2223).txt
armas (2224).jpg,armas (2224).txt
armas (2225).jpg,armas (2225).txt
armas (2226).jpg,armas (2226).txt
armas (2227).jpg,armas (2227).txt
armas (2228).jpg,armas (2228).txt
armas (2229).jpg,armas (2229).txt
armas (223).jpg,armas (223).txt
armas (2230).jpg,armas (2230).txt
armas (2231).jpg,armas (2231).txt
armas (2232).jpg,armas (2232).txt
armas (2233).jpg,armas (2233).txt
armas (2234).jpg,armas (2234).txt
armas (2235).jpg,armas (2235).txt
armas (2236).jpg,armas (2236).txt
armas (2237).jpg,armas (2237).txt
armas (2238).jpg,armas (2238).txt
armas (2239).jpg,armas (2239).txt
armas (224).jpg,armas (224).txt
armas (2240).jpg,armas (2240).txt
armas (2241).jpg,armas (2241).txt
armas (2242).jpg,armas (2242).txt
armas (2243).jpg,armas (2243).txt
armas (2244).jpg,armas (2244).txt
armas (2245).jpg,armas (2245).txt
armas (2246).jpg,armas (2246).txt
armas (2247).jpg,armas (2247).txt
armas (2248).jpg,armas (2248).txt
armas (2249).jpg,armas (2249).txt
armas (225).jpg,armas (225).txt
armas (2250).jpg,armas (2250).txt
armas (2251).jpg,armas (2251).txt
armas (2252).jpg,armas (2252).txt
armas (2253).jpg,armas (2253).txt
armas (2254).jpg,armas (2254).txt
armas (2255).jpg,armas (2255).txt
armas (2256).jpg,armas (2256).txt
armas (2257).jpg,armas (2257).txt
armas (2258).jpg,armas (2258).txt
armas (2259).jpg,armas (2259).txt
armas (226).jpg,armas (226).txt
armas (2260).jpg,armas (2260).txt
armas (2261).jpg,armas (2261).txt
armas (2262).jpg,armas (2262).txt
armas (2263).jpg,armas (2263).txt
armas (2264).jpg,armas (2264).txt
armas (2265).jpg,armas (2265).txt
armas (2266).jpg,armas (2266).txt
armas (2267).jpg,armas (2267).txt
armas (2268).jpg,armas (2268).txt
armas (2269).jpg,armas (2269).txt
armas (227).jpg,armas (227).txt
armas (2270).jpg,armas (2270).txt
armas (2271).jpg,armas (2271).txt
armas (2272).jpg,armas (2272).txt
armas (2273).jpg,armas (2273).txt
armas (2274).jpg,armas (2274).txt
armas (2275).jpg,armas (2275).txt
armas (2276).jpg,armas (2276).txt
armas (2277).jpg,armas (2277).txt
armas (2278).jpg,armas (2278).txt
armas (2279).jpg,armas (2279).txt
armas (228).jpg,armas (228).txt
armas (2280).jpg,armas (2280).txt
armas (2281).jpg,armas (2281).txt
armas (2282).jpg,armas (2282).txt
armas (2283).jpg,armas (2283).txt
armas (2284).jpg,armas (2284).txt
armas (2285).jpg,armas (2285).txt
armas (2286).jpg,armas (2286).txt
armas (2287).jpg,armas (2287).txt
armas (2288).jpg,armas (2288).txt
armas (2289).jpg,armas (2289).txt
armas (229).jpg,armas (229).txt
armas (2290).jpg,armas (2290).txt
armas (2291).jpg,armas (2291).txt
armas (2292).jpg,armas (2292).txt
armas (2293).jpg,armas (2293).txt
armas (2294).jpg,armas (2294).txt
armas (2295).jpg,armas (2295).txt
armas (2296).jpg,armas (2296).txt
armas (2297).jpg,armas (2297).txt
armas (2298).jpg,armas (2298).txt
armas (2299).jpg,armas (2299).txt
armas (23).jpg,armas (23).txt
armas (230).jpg,armas (230).txt
armas (2300).jpg,armas (2300).txt
armas (2301).jpg,armas (2301).txt
armas (2302).jpg,armas (2302).txt
armas (2303).jpg,armas (2303).txt
armas (2304).jpg,armas (2304).txt
armas (2305).jpg,armas (2305).txt
armas (2306).jpg,armas (2306).txt
armas (2307).jpg,armas (2307).txt
armas (2308).jpg,armas (2308).txt
armas (2309).jpg,armas (2309).txt
armas (231).jpg,armas (231).txt
armas (2310).jpg,armas (2310).txt
armas (2311).jpg,armas (2311).txt
armas (2312).jpg,armas (2312).txt
armas (2313).jpg,armas (2313).txt
armas (2314).jpg,armas (2314).txt
armas (2315).jpg,armas (2315).txt
armas (2316).jpg,armas (2316).txt
armas (2317).jpg,armas (2317).txt
armas (2318).jpg,armas (2318).txt
armas (2319).jpg,armas (2319).txt
armas (232).jpg,armas (232).txt
armas (2320).jpg,armas (2320).txt
armas (2321).jpg,armas (2321).txt
armas (2322).jpg,armas (2322).txt
armas (2323).jpg,armas (2323).txt
armas (2324).jpg,armas (2324).txt
armas (2325).jpg,armas (2325).txt
armas (2326).jpg,armas (2326).txt
armas (2327).jpg,armas (2327).txt
armas (2328).jpg,armas (2328).txt
armas (2329).jpg,armas (2329).txt
armas (233).jpg,armas (233).txt
armas (2330).jpg,armas (2330).txt
armas (2331).jpg,armas (2331).txt
armas (2332).jpg,armas (2332).txt
armas (2333).jpg,armas (2333).txt
armas (2334).jpg,armas (2334).txt
armas (2335).jpg,armas (2335).txt
armas (2336).jpg,armas (2336).txt
armas (2337).jpg,armas (2337).txt
armas (2338).jpg,armas (2338).txt
armas (2339).jpg,armas (2339).txt
armas (234).jpg,armas (234).txt
armas (2340).jpg,armas (2340).txt
armas (2341).jpg,armas (2341).txt
armas (2342).jpg,armas (2342).txt
armas (2343).jpg,armas (2343).txt
armas (2344).jpg,armas (2344).txt
armas (2345).jpg,armas (2345).txt
armas (2346).jpg,armas (2346).txt
armas (2347).jpg,armas (2347).txt
armas (2348).jpg,armas (2348).txt
armas (2349).jpg,armas (2349).txt
armas (235).jpg,armas (235).txt
armas (2350).jpg,armas (2350).txt
armas (2351).jpg,armas (2351).txt
armas (2352).jpg,armas (2352).txt
armas (2353).jpg,armas (2353).txt
armas (2354).jpg,armas (2354).txt
armas (2355).jpg,armas (2355).txt
armas (2356).jpg,armas (2356).txt
armas (2357).jpg,armas (2357).txt
armas (2358).jpg,armas (2358).txt
armas (2359).jpg,armas (2359).txt
armas (236).jpg,armas (236).txt
armas (2360).jpg,armas (2360).txt
armas (2361).jpg,armas (2361).txt
armas (2362).jpg,armas (2362).txt
armas (2363).jpg,armas (2363).txt
armas (2364).jpg,armas (2364).txt
armas (2365).jpg,armas (2365).txt
armas (2366).jpg,armas (2366).txt
armas (2367).jpg,armas (2367).txt
armas (2368).jpg,armas (2368).txt
armas (2369).jpg,armas (2369).txt
armas (237).jpg,armas (237).txt
armas (2370).jpg,armas (2370).txt
armas (2371).jpg,armas (2371).txt
armas (2372).jpg,armas (2372).txt
armas (2373).jpg,armas (2373).txt
armas (2374).jpg,armas (2374).txt
armas (2375).jpg,armas (2375).txt
armas (2376).jpg,armas (2376).txt
armas (2377).jpg,armas (2377).txt
armas (2378).jpg,armas (2378).txt
armas (2379).jpg,armas (2379).txt
armas (238).jpg,armas (238).txt
armas (2380).jpg,armas (2380).txt
armas (2381).jpg,armas (2381).txt
armas (2382).jpg,armas (2382).txt
armas (2383).jpg,armas (2383).txt
armas (2384).jpg,armas (2384).txt
armas (2385).jpg,armas (2385).txt
armas (2386).jpg,armas (2386).txt
armas (2387).jpg,armas (2387).txt
armas (2388).jpg,armas (2388).txt
armas (2389).jpg,armas (2389).txt
armas (239).jpg,armas (239).txt
armas (2390).jpg,armas (2390).txt
armas (2391).jpg,armas (2391).txt
armas (2392).jpg,armas (2392).txt
armas (2393).jpg,armas (2393).txt
armas (2394).jpg,armas (2394).txt
armas (2395).jpg,armas (2395).txt
armas (2396).jpg,armas (2396).txt
armas (2397).jpg,armas (2397).txt
armas (2398).jpg,armas (2398).txt
armas (2399).jpg,armas (2399).txt
armas (24).jpg,armas (24).txt
armas (240).jpg,armas (240).txt
armas (2400).jpg,armas (2400).txt
armas (2401).jpg,armas (2401).txt
armas (2402).jpg,armas (2402).txt
armas (2403).jpg,armas (2403).txt
armas (2404).jpg,armas (2404).txt
armas (2405).jpg,armas (2405).txt
armas (2406).jpg,armas (2406).txt
armas (2407).jpg,armas (2407).txt
armas (2408).jpg,armas (2408).txt
armas (2409).jpg,armas (2409).txt
armas (241).jpg,armas (241).txt
armas (2410).jpg,armas (2410).txt
armas (2411).jpg,armas (2411).txt
armas (2412).jpg,armas (2412).txt
armas (2413).jpg,armas (2413).txt
armas (2414).jpg,armas (2414).txt
armas (2415).jpg,armas (2415).txt
armas (2416).jpg,armas (2416).txt
armas (2417).jpg,armas (2417).txt
armas (2418).jpg,armas (2418).txt
armas (2419).jpg,armas (2419).txt
armas (242).jpg,armas (242).txt
armas (2420).jpg,armas (2420).txt
armas (2421).jpg,armas (2421).txt
armas (2422).jpg,armas (2422).txt
armas (2423).jpg,armas (2423).txt
armas (2424).jpg,armas (2424).txt
armas (2425).jpg,armas (2425).txt
armas (2426).jpg,armas (2426).txt
armas (2427).jpg,armas (2427).txt
armas (2428).jpg,armas (2428).txt
armas (2429).jpg,armas (2429).txt
armas (243).jpg,armas (243).txt
armas (2430).jpg,armas (2430).txt
armas (2431).jpg,armas (2431).txt
armas (2432).jpg,armas (2432).txt
armas (2433).jpg,armas (2433).txt
armas (2434).jpg,armas (2434).txt
armas (2435).jpg,armas (2435).txt
armas (2436).jpg,armas (2436).txt
armas (2437).jpg,armas (2437).txt
armas (2438).jpg,armas (2438).txt
armas (2439).jpg,armas (2439).txt
armas (244).jpg,armas (244).txt
armas (2440).jpg,armas (2440).txt
armas (2441).jpg,armas (2441).txt
armas (2442).jpg,armas (2442).txt
armas (2443).jpg,armas (2443).txt
armas (2444).jpg,armas (2444).txt
armas (2445).jpg,armas (2445).txt
armas (2446).jpg,armas (2446).txt
armas (2447).jpg,armas (2447).txt
armas (2448).jpg,armas (2448).txt
armas (2449).jpg,armas (2449).txt
armas (245).jpg,armas (245).txt
armas (2450).jpg,armas (2450).txt
armas (2451).jpg,armas (2451).txt
armas (2452).jpg,armas (2452).txt
armas (2453).jpg,armas (2453).txt
armas (2454).jpg,armas (2454).txt
armas (2455).jpg,armas (2455).txt
armas (2456).jpg,armas (2456).txt
armas (2457).jpg,armas (2457).txt
armas (2458).jpg,armas (2458).txt
armas (2459).jpg,armas (2459).txt
armas (246).jpg,armas (246).txt
armas (2460).jpg,armas (2460).txt
armas (2461).jpg,armas (2461).txt
armas (2462).jpg,armas (2462).txt
armas (2463).jpg,armas (2463).txt
armas (2464).jpg,armas (2464).txt
armas (2465).jpg,armas (2465).txt
armas (2466).jpg,armas (2466).txt
armas (2467).jpg,armas (2467).txt
armas (2468).jpg,armas (2468).txt
armas (2469).jpg,armas (2469).txt
armas (247).jpg,armas (247).txt
armas (2470).jpg,armas (2470).txt
armas (2471).jpg,armas (2471).txt
armas (2472).jpg,armas (2472).txt
armas (2473).jpg,armas (2473).txt
armas (2474).jpg,armas (2474).txt
armas (2475).jpg,armas (2475).txt
armas (2476).jpg,armas (2476).txt
armas (2477).jpg,armas (2477).txt
armas (2478).jpg,armas (2478).txt
armas (2479).jpg,armas (2479).txt
armas (248).jpg,armas (248).txt
armas (2480).jpg,armas (2480).txt
armas (2481).jpg,armas (2481).txt
armas (2482).jpg,armas (2482).txt
armas (2483).jpg,armas (2483).txt
armas (2484).jpg,armas (2484).txt
armas (2485).jpg,armas (2485).txt
armas (2486).jpg,armas (2486).txt
armas (2487).jpg,armas (2487).txt
armas (2488).jpg,armas (2488).txt
armas (2489).jpg,armas (2489).txt
armas (249).jpg,armas (249).txt
armas (2490).jpg,armas (2490).txt
armas (2491).jpg,armas (2491).txt
armas (2492).jpg,armas (2492).txt
armas (2493).jpg,armas (2493).txt
armas (2494).jpg,armas (2494).txt
armas (2495).jpg,armas (2495).txt
armas (2496).jpg,armas (2496).txt
armas (2497).jpg,armas (2497).txt
armas (2498).jpg,armas (2498).txt
armas (2499).jpg,armas (2499).txt
armas (25).jpg,armas (25).txt
armas (250).jpg,armas (250).txt
armas (2500).jpg,armas (2500).txt
armas (2501).jpg,armas (2501).txt
armas (2502).jpg,armas (2502).txt
armas (2503).jpg,armas (2503).txt
armas (2504).jpg,armas (2504).txt
armas (2505).jpg,armas (2505).txt
armas (2506).jpg,armas (2506).txt
armas (2507).jpg,armas (2507).txt
armas (2508).jpg,armas (2508).txt
armas (2509).jpg,armas (2509).txt
armas (251).jpg,armas (251).txt
armas (2510).jpg,armas (2510).txt
armas (2511).jpg,armas (2511).txt
armas (2512).jpg,armas (2512).txt
armas (2513).jpg,armas (2513).txt
armas (2514).jpg,armas (2514).txt
armas (2515).jpg,armas (2515).txt
armas (2516).jpg,armas (2516).txt
armas (2517).jpg,armas (2517).txt
armas (2518).jpg,armas (2518).txt
armas (2519).jpg,armas (2519).txt
armas (252).jpg,armas (252).txt
armas (2520).jpg,armas (2520).txt
armas (2521).jpg,armas (2521).txt
armas (2522).jpg,armas (2522).txt
armas (2523).jpg,armas (2523).txt
armas (2524).jpg,armas (2524).txt
armas (2525).jpg,armas (2525).txt
armas (2526).jpg,armas (2526).txt
armas (2527).jpg,armas (2527).txt
armas (2528).jpg,armas (2528).txt
armas (2529).jpg,armas (2529).txt
armas (253).jpg,armas (253).txt
armas (2530).jpg,armas (2530).txt
armas (2531).jpg,armas (2531).txt
armas (2532).jpg,armas (2532).txt
armas (2533).jpg,armas (2533).txt
armas (2534).jpg,armas (2534).txt
armas (2535).jpg,armas (2535).txt
armas (2536).jpg,armas (2536).txt
armas (2537).jpg,armas (2537).txt
armas (2538).jpg,armas (2538).txt
armas (2539).jpg,armas (2539).txt
armas (254).jpg,armas (254).txt
armas (2540).jpg,armas (2540).txt
armas (2541).jpg,armas (2541).txt
armas (2542).jpg,armas (2542).txt
armas (2543).jpg,armas (2543).txt
armas (2544).jpg,armas (2544).txt
armas (2545).jpg,armas (2545).txt
armas (2546).jpg,armas (2546).txt
armas (2547).jpg,armas (2547).txt
armas (2548).jpg,armas (2548).txt
armas (2549).jpg,armas (2549).txt
armas (255).jpg,armas (255).txt
armas (2550).jpg,armas (2550).txt
armas (2551).jpg,armas (2551).txt
armas (2552).jpg,armas (2552).txt
armas (2553).jpg,armas (2553).txt
armas (2554).jpg,armas (2554).txt
armas (2555).jpg,armas (2555).txt
armas (2556).jpg,armas (2556).txt
armas (2557).jpg,armas (2557).txt
armas (2558).jpg,armas (2558).txt
armas (2559).jpg,armas (2559).txt
armas (256).jpg,armas (256).txt
armas (2560).jpg,armas (2560).txt
armas (2561).jpg,armas (2561).txt
armas (2562).jpg,armas (2562).txt
armas (2563).jpg,armas (2563).txt
armas (2564).jpg,armas (2564).txt
armas (2565).jpg,armas (2565).txt
armas (2566).jpg,armas (2566).txt
armas (2567).jpg,armas (2567).txt
armas (2568).jpg,armas (2568).txt
armas (2569).jpg,armas (2569).txt
armas (257).jpg,armas (257).txt
armas (2570).jpg,armas (2570).txt
armas (2571).jpg,armas (2571).txt
armas (2572).jpg,armas (2572).txt
armas (2573).jpg,armas (2573).txt
armas (2574).jpg,armas (2574).txt
armas (2575).jpg,armas (2575).txt
armas (2576).jpg,armas (2576).txt
armas (2577).jpg,armas (2577).txt
armas (2578).jpg,armas (2578).txt
armas (2579).jpg,armas (2579).txt
armas (258).jpg,armas (258).txt
armas (2580).jpg,armas (2580).txt
armas (2581).jpg,armas (2581).txt
armas (2582).jpg,armas (2582).txt
armas (2583).jpg,armas (2583).txt
armas (2584).jpg,armas (2584).txt
armas (2585).jpg,armas (2585).txt
armas (2586).jpg,armas (2586).txt
armas (2587).jpg,armas (2587).txt
armas (2588).jpg,armas (2588).txt
armas (2589).jpg,armas (2589).txt
armas (259).jpg,armas (259).txt
armas (2590).jpg,armas (2590).txt
armas (2591).jpg,armas (2591).txt
armas (2592).jpg,armas (2592).txt
armas (2593).jpg,armas (2593).txt
armas (2594).jpg,armas (2594).txt
armas (2595).jpg,armas (2595).txt
armas (2596).jpg,armas (2596).txt
armas (2597).jpg,armas (2597).txt
armas (2598).jpg,armas (2598).txt
armas (2599).jpg,armas (2599).txt
armas (26).jpg,armas (26).txt
armas (260).jpg,armas (260).txt
armas (2600).jpg,armas (2600).txt
armas (2601).jpg,armas (2601).txt
armas (2602).jpg,armas (2602).txt
armas (2603).jpg,armas (2603).txt
armas (2604).jpg,armas (2604).txt
armas (2605).jpg,armas (2605).txt
armas (2606).jpg,armas (2606).txt
armas (2607).jpg,armas (2607).txt
armas (2608).jpg,armas (2608).txt
armas (2609).jpg,armas (2609).txt
armas (261).jpg,armas (261).txt
armas (2610).jpg,armas (2610).txt
armas (2611).jpg,armas (2611).txt
armas (2612).jpg,armas (2612).txt
armas (2613).jpg,armas (2613).txt
armas (2614).jpg,armas (2614).txt
armas (2615).jpg,armas (2615).txt
armas (2616).jpg,armas (2616).txt
armas (2617).jpg,armas (2617).txt
armas (2618).jpg,armas (2618).txt
armas (2619).jpg,armas (2619).txt
armas (262).jpg,armas (262).txt
armas (2620).jpg,armas (2620).txt
armas (2621).jpg,armas (2621).txt
armas (2622).jpg,armas (2622).txt
armas (2623).jpg,armas (2623).txt
armas (2624).jpg,armas (2624).txt
armas (2625).jpg,armas (2625).txt
armas (2626).jpg,armas (2626).txt
armas (2627).jpg,armas (2627).txt
armas (2628).jpg,armas (2628).txt
armas (2629).jpg,armas (2629).txt
armas (263).jpg,armas (263).txt
armas (2630).jpg,armas (2630).txt
armas (2631).jpg,armas (2631).txt
armas (2632).jpg,armas (2632).txt
armas (2633).jpg,armas (2633).txt
armas (2634).jpg,armas (2634).txt
armas (2635).jpg,armas (2635).txt
armas (2636).jpg,armas (2636).txt
armas (2637).jpg,armas (2637).txt
armas (2638).jpg,armas (2638).txt
armas (2639).jpg,armas (2639).txt
armas (264).jpg,armas (264).txt
armas (2640).jpg,armas (2640).txt
armas (2641).jpg,armas (2641).txt
armas (2642).jpg,armas (2642).txt
armas (2643).jpg,armas (2643).txt
armas (2644).jpg,armas (2644).txt
armas (2645).jpg,armas (2645).txt
armas (2646).jpg,armas (2646).txt
armas (2647).jpg,armas (2647).txt
armas (2648).jpg,armas (2648).txt
armas (2649).jpg,armas (2649).txt
armas (265).jpg,armas (265).txt
armas (2650).jpg,armas (2650).txt
armas (2651).jpg,armas (2651).txt
armas (2652).jpg,armas (2652).txt
armas (2653).jpg,armas (2653).txt
armas (2654).jpg,armas (2654).txt
armas (2655).jpg,armas (2655).txt
armas (2656).jpg,armas (2656).txt
armas (2657).jpg,armas (2657).txt
armas (2658).jpg,armas (2658).txt
armas (2659).jpg,armas (2659).txt
armas (266).jpg,armas (266).txt
armas (2660).jpg,armas (2660).txt
armas (2661).jpg,armas (2661).txt
armas (2662).jpg,armas (2662).txt
armas (2663).jpg,armas (2663).txt
armas (2664).jpg,armas (2664).txt
armas (2665).jpg,armas (2665).txt
armas (2666).jpg,armas (2666).txt
armas (2667).jpg,armas (2667).txt
armas (2668).jpg,armas (2668).txt
armas (2669).jpg,armas (2669).txt
armas (267).jpg,armas (267).txt
armas (2670).jpg,armas (2670).txt
armas (2671).jpg,armas (2671).txt
armas (2672).jpg,armas (2672).txt
armas (2673).jpg,armas (2673).txt
armas (2674).jpg,armas (2674).txt
armas (2675).jpg,armas (2675).txt
armas (2676).jpg,armas (2676).txt
armas (2677).jpg,armas (2677).txt
armas (2678).jpg,armas (2678).txt
armas (2679).jpg,armas (2679).txt
armas (268).jpg,armas (268).txt
armas (2680).jpg,armas (2680).txt
armas (2681).jpg,armas (2681).txt
armas (2682).jpg,armas (2682).txt
armas (2683).jpg,armas (2683).txt
armas (2684).jpg,armas (2684).txt
armas (2685).jpg,armas (2685).txt
armas (2686).jpg,armas (2686).txt
armas (2687).jpg,armas (2687).txt
armas (2688).jpg,armas (2688).txt
armas (2689).jpg,armas (2689).txt
armas (269).jpg,armas (269).txt
armas (2690).jpg,armas (2690).txt
armas (2691).jpg,armas (2691).txt
armas (2692).jpg,armas (2692).txt
armas (2693).jpg,armas (2693).txt
armas (2694).jpg,armas (2694).txt
armas (2695).jpg,armas (2695).txt
armas (2696).jpg,armas (2696).txt
armas (2697).jpg,armas (2697).txt
armas (2698).jpg,armas (2698).txt
armas (2699).jpg,armas (2699).txt
armas (27).jpg,armas (27).txt
armas (270).jpg,armas (270).txt
armas (2700).jpg,armas (2700).txt
armas (2701).jpg,armas (2701).txt
armas (2702).jpg,armas (2702).txt
armas (2703).jpg,armas (2703).txt
armas (2704).jpg,armas (2704).txt
armas (2705).jpg,armas (2705).txt
armas (2706).jpg,armas (2706).txt
armas (2707).jpg,armas (2707).txt
armas (2708).jpg,armas (2708).txt
armas (2709).jpg,armas (2709).txt
armas (271).jpg,armas (271).txt
armas (2710).jpg,armas (2710).txt
armas (2711).jpg,armas (2711).txt
armas (2712).jpg,armas (2712).txt
armas (2713).jpg,armas (2713).txt
armas (2714).jpg,armas (2714).txt
armas (2715).jpg,armas (2715).txt
armas (2716).jpg,armas (2716).txt
armas (2717).jpg,armas (2717).txt
armas (2718).jpg,armas (2718).txt
armas (2719).jpg,armas (2719).txt
armas (272).jpg,armas (272).txt
armas (2720).jpg,armas (2720).txt
armas (2721).jpg,armas (2721).txt
armas (2722).jpg,armas (2722).txt
armas (2723).jpg,armas (2723).txt
armas (2724).jpg,armas (2724).txt
armas (2725).jpg,armas (2725).txt
armas (2726).jpg,armas (2726).txt
armas (2727).jpg,armas (2727).txt
armas (2728).jpg,armas (2728).txt
armas (2729).jpg,armas (2729).txt
armas (273).jpg,armas (273).txt
armas (2730).jpg,armas (2730).txt
armas (2731).jpg,armas (2731).txt
armas (2732).jpg,armas (2732).txt
armas (2733).jpg,armas (2733).txt
armas (2734).jpg,armas (2734).txt
armas (2735).jpg,armas (2735).txt
armas (2736).jpg,armas (2736).txt
armas (2737).jpg,armas (2737).txt
armas (2738).jpg,armas (2738).txt
armas (2739).jpg,armas (2739).txt
armas (274).jpg,armas (274).txt
armas (2740).jpg,armas (2740).txt
armas (2741).jpg,armas (2741).txt
armas (2742).jpg,armas (2742).txt
armas (2743).jpg,armas (2743).txt
armas (2744).jpg,armas (2744).txt
armas (2745).jpg,armas (2745).txt
armas (2746).jpg,armas (2746).txt
armas (2747).jpg,armas (2747).txt
armas (2748).jpg,armas (2748).txt
armas (2749).jpg,armas (2749).txt
armas (275).jpg,armas (275).txt
armas (2750).jpg,armas (2750).txt
armas (2751).jpg,armas (2751).txt
armas (2752).jpg,armas (2752).txt
armas (2753).jpg,armas (2753).txt
armas (2754).jpg,armas (2754).txt
armas (2755).jpg,armas (2755).txt
armas (2756).jpg,armas (2756).txt
armas (2757).jpg,armas (2757).txt
armas (2758).jpg,armas (2758).txt
armas (2759).jpg,armas (2759).txt
armas (276).jpg,armas (276).txt
armas (2760).jpg,armas (2760).txt
armas (2761).jpg,armas (2761).txt
armas (2762).jpg,armas (2762).txt
armas (2763).jpg,armas (2763).txt
armas (2764).jpg,armas (2764).txt
armas (2765).jpg,armas (2765).txt
armas (2766).jpg,armas (2766).txt
armas (2767).jpg,armas (2767).txt
armas (2768).jpg,armas (2768).txt
armas (2769).jpg,armas (2769).txt
armas (277).jpg,armas (277).txt
armas (2770).jpg,armas (2770).txt
armas (2771).jpg,armas (2771).txt
armas (2772).jpg,armas (2772).txt
armas (2773).jpg,armas (2773).txt
armas (2774).jpg,armas (2774).txt
armas (2775).jpg,armas (2775).txt
armas (2776).jpg,armas (2776).txt
armas (2777).jpg,armas (2777).txt
armas (2778).jpg,armas (2778).txt
armas (2779).jpg,armas (2779).txt
armas (278).jpg,armas (278).txt
armas (2780).jpg,armas (2780).txt
armas (2781).jpg,armas (2781).txt
armas (2782).jpg,armas (2782).txt
armas (2783).jpg,armas (2783).txt
armas (2784).jpg,armas (2784).txt
armas (2785).jpg,armas (2785).txt
armas (2786).jpg,armas (2786).txt
armas (2787).jpg,armas (2787).txt
armas (2788).jpg,armas (2788).txt
armas (2789).jpg,armas (2789).txt
armas (279).jpg,armas (279).txt
armas (2790).jpg,armas (2790).txt
armas (2791).jpg,armas (2791).txt
armas (2792).jpg,armas (2792).txt
armas (2793).jpg,armas (2793).txt
armas (2794).jpg,armas (2794).txt
armas (2795).jpg,armas (2795).txt
armas (2796).jpg,armas (2796).txt
armas (2797).jpg,armas (2797).txt
armas (2798).jpg,armas (2798).txt
armas (2799).jpg,armas (2799).txt
armas (1).jpg,armas (1).txt
armas (10).jpg,armas (10).txt
armas (100).jpg,armas (100).txt
armas (1000).jpg,armas (1000).txt
armas (1001).jpg,armas (1001).txt
armas (1002).jpg,armas (1002).txt
armas (1003).jpg,armas (1003).txt
armas (1004).jpg,armas (1004).txt
armas (1005).jpg,armas (1005).txt
armas (1006).jpg,armas (1006).txt
armas (1007).jpg,armas (1007).txt
armas (1008).jpg,armas (1008).txt
armas (1009).jpg,armas (1009).txt
armas (101).jpg,armas (101).txt
armas (1010).jpg,armas (1010).txt
armas (1011).jpg,armas (1011).txt
armas (1012).jpg,armas (1012).txt
armas (1013).jpg,armas (1013).txt
armas (1014).jpg,armas (1014).txt
armas (1015).jpg,armas (1015).txt
armas (1016).jpg,armas (1016).txt
armas (1017).jpg,armas (1017).txt
armas (1018).jpg,armas (1018).txt
armas (1019).jpg,armas (1019).txt
armas (102).jpg,armas (102).txt
armas (1020).jpg,armas (1020).txt
armas (1021).jpg,armas (1021).txt
armas (1022).jpg,armas (1022).txt
armas (1023).jpg,armas (1023).txt
armas (1024).jpg,armas (1024).txt
armas (1025).jpg,armas (1025).txt
armas (1026).jpg,armas (1026).txt
armas (1027).jpg,armas (1027).txt
armas (1028).jpg,armas (1028).txt
armas (1029).jpg,armas (1029).txt
armas (103).jpg,armas (103).txt
armas (1030).jpg,armas (1030).txt
armas (1031).jpg,armas (1031).txt
armas (1032).jpg,armas (1032).txt
armas (1033).jpg,armas (1033).txt
armas (1034).jpg,armas (1034).txt
armas (1035).jpg,armas (1035).txt
armas (1036).jpg,armas (1036).txt
armas (1037).jpg,armas (1037).txt
armas (1038).jpg,armas (1038).txt
armas (1039).jpg,armas (1039).txt
armas (104).jpg,armas (104).txt
armas (1040).jpg,armas (1040).txt
armas (1041).jpg,armas (1041).txt
armas (1042).jpg,armas (1042).txt
armas (1043).jpg,armas (1043).txt
armas (1044).jpg,armas (1044).txt
armas (1045).jpg,armas (1045).txt
armas (1046).jpg,armas (1046).txt
armas (1047).jpg,armas (1047).txt
armas (1048).jpg,armas (1048).txt
armas (1049).jpg,armas (1049).txt
armas (105).jpg,armas (105).txt
armas (1050).jpg,armas (1050).txt
armas (1051).jpg,armas (1051).txt
armas (1052).jpg,armas (1052).txt
armas (1053).jpg,armas (1053).txt
armas (1054).jpg,armas (1054).txt
armas (1055).jpg,armas (1055).txt
armas (1056).jpg,armas (1056).txt
armas (1057).jpg,armas (1057).txt
armas (1058).jpg,armas (1058).txt
armas (1059).jpg,armas (1059).txt
armas (106).jpg,armas (106).txt
armas (1060).jpg,armas (1060).txt
armas (1061).jpg,armas (1061).txt
armas (1062).jpg,armas (1062).txt
armas (1063).jpg,armas (1063).txt
armas (1064).jpg,armas (1064).txt
armas (1065).jpg,armas (1065).txt
armas (1066).jpg,armas (1066).txt
armas (1067).jpg,armas (1067).txt
armas (1068).jpg,armas (1068).txt
armas (1069).jpg,armas (1069).txt
armas (107).jpg,armas (107).txt
armas (1070).jpg,armas (1070).txt
armas (1071).jpg,armas (1071).txt
armas (1072).jpg,armas (1072).txt
armas (1073).jpg,armas (1073).txt
armas (1074).jpg,armas (1074).txt
armas (1075).jpg,armas (1075).txt
armas (1076).jpg,armas (1076).txt
armas (1077).jpg,armas (1077).txt
armas (1078).jpg,armas (1078).txt
armas (1079).jpg,armas (1079).txt
armas (108).jpg,armas (108).txt
armas (1080).jpg,armas (1080).txt
armas (1081).jpg,armas (1081).txt
armas (1082).jpg,armas (1082).txt
armas (1083).jpg,armas (1083).txt
armas (1084).jpg,armas (1084).txt
armas (1085).jpg,armas (1085).txt
armas (1086).jpg,armas (1086).txt
armas (1087).jpg,armas (1087).txt
armas (1088).jpg,armas (1088).txt
armas (1089).jpg,armas (1089).txt
armas (109).jpg,armas (109).txt
armas (1090).jpg,armas (1090).txt
armas (1091).jpg,armas (1091).txt
armas (1092).jpg,armas (1092).txt
armas (1093).jpg,armas (1093).txt
armas (1094).jpg,armas (1094).txt
armas (1095).jpg,armas (1095).txt
armas (1096).jpg,armas (1096).txt
armas (1097).jpg,armas (1097).txt
armas (1098).jpg,armas (1098).txt
armas (1099).jpg,armas (1099).txt
armas (11).jpg,armas (11).txt
armas (110).jpg,armas (110).txt
armas (1100).jpg,armas (1100).txt
armas (1101).jpg,armas (1101).txt
armas (1102).jpg,armas (1102).txt
armas (1103).jpg,armas (1103).txt
armas (1104).jpg,armas (1104).txt
armas (1105).jpg,armas (1105).txt
armas (1106).jpg,armas (1106).txt
armas (1107).jpg,armas (1107).txt
armas (1108).jpg,armas (1108).txt
armas (1109).jpg,armas (1109).txt
armas (111).jpg,armas (111).txt
armas (1110).jpg,armas (1110).txt
armas (1111).jpg,armas (1111).txt
armas (1112).jpg,armas (1112).txt
armas (1113).jpg,armas (1113).txt
armas (1114).jpg,armas (1114).txt
armas (1115).jpg,armas (1115).txt
armas (1116).jpg,armas (1116).txt
armas (1117).jpg,armas (1117).txt
armas (1118).jpg,armas (1118).txt
armas (1119).jpg,armas (1119).txt
armas (112).jpg,armas (112).txt
armas (1120).jpg,armas (1120).txt
armas (1121).jpg,armas (1121).txt
armas (1122).jpg,armas (1122).txt
armas (1123).jpg,armas (1123).txt
armas (1124).jpg,armas (1124).txt
armas (1125).jpg,armas (1125).txt
armas (1126).jpg,armas (1126).txt
armas (1127).jpg,armas (1127).txt
armas (1128).jpg,armas (1128).txt
armas (1129).jpg,armas (1129).txt
armas (113).jpg,armas (113).txt
armas (1130).jpg,armas (1130).txt
armas (1131).jpg,armas (1131).txt
armas (1132).jpg,armas (1132).txt
armas (1133).jpg,armas (1133).txt
armas (1134).jpg,armas (1134).txt
armas (1135).jpg,armas (1135).txt
armas (1136).jpg,armas (1136).txt
armas (1137).jpg,armas (1137).txt
armas (1138).jpg,armas (1138).txt
armas (1139).jpg,armas (1139).txt
armas (114).jpg,armas (114).txt
armas (1140).jpg,armas (1140).txt
armas (1141).jpg,armas (1141).txt
armas (1142).jpg,armas (1142).txt
armas (1143).jpg,armas (1143).txt
armas (1144).jpg,armas (1144).txt
armas (1145).jpg,armas (1145).txt
armas (1146).jpg,armas (1146).txt
armas (1147).jpg,armas (1147).txt
armas (1148).jpg,armas (1148).txt
armas (1149).jpg,armas (1149).txt
armas (115).jpg,armas (115).txt
armas (1150).jpg,armas (1150).txt
armas (1151).jpg,armas (1151).txt
armas (1152).jpg,armas (1152).txt
armas (1153).jpg,armas (1153).txt
armas (1154).jpg,armas (1154).txt
armas (1155).jpg,armas (1155).txt
armas (1156).jpg,armas (1156).txt
armas (1157).jpg,armas (1157).txt
armas (1158).jpg,armas (1158).txt
armas (1159).jpg,armas (1159).txt
armas (116).jpg,armas (116).txt
armas (1160).jpg,armas (1160).txt
armas (1161).jpg,armas (1161).txt
armas (1162).jpg,armas (1162).txt
armas (1163).jpg,armas (1163).txt
armas (1164).jpg,armas (1164).txt
armas (1165).jpg,armas (1165).txt
armas (1166).jpg,armas (1166).txt
armas (1167).jpg,armas (1167).txt
armas (1168).jpg,armas (1168).txt
armas (1169).jpg,armas (1169).txt
armas (117).jpg,armas (117).txt
armas (1170).jpg,armas (1170).txt
armas (1171).jpg,armas (1171).txt
armas (1172).jpg,armas (1172).txt
armas (1173).jpg,armas (1173).txt
armas (1174).jpg,armas (1174).txt
armas (1175).jpg,armas (1175).txt
armas (1176).jpg,armas (1176).txt
armas (1177).jpg,armas (1177).txt
armas (1178).jpg,armas (1178).txt
armas (1179).jpg,armas (1179).txt
armas (118).jpg,armas (118).txt
armas (1180).jpg,armas (1180).txt
armas (1181).jpg,armas (1181).txt
armas (1182).jpg,armas (1182).txt
armas (1183).jpg,armas (1183).txt
armas (1184).jpg,armas (1184).txt
armas (1185).jpg,armas (1185).txt
armas (1186).jpg,armas (1186).txt
armas (1187).jpg,armas (1187).txt
armas (1188).jpg,armas (1188).txt
armas (1189).jpg,armas (1189).txt
armas (119).jpg,armas (119).txt
armas (1190).jpg,armas (1190).txt
armas (1191).jpg,armas (1191).txt
armas (1192).jpg,armas (1192).txt
armas (1193).jpg,armas (1193).txt
armas (1194).jpg,armas (1194).txt
armas (1195).jpg,armas (1195).txt
armas (1196).jpg,armas (1196).txt
armas (1197).jpg,armas (1197).txt
armas (1198).jpg,armas (1198).txt
armas (1199).jpg,armas (1199).txt
armas (12).jpg,armas (12).txt
armas (120).jpg,armas (120).txt
armas (1200).jpg,armas (1200).txt
armas (1201).jpg,armas (1201).txt
armas (1202).jpg,armas (1202).txt
armas (1203).jpg,armas (1203).txt
armas (1204).jpg,armas (1204).txt
armas (1205).jpg,armas (1205).txt
armas (1206).jpg,armas (1206).txt
armas (1207).jpg,armas (1207).txt
armas (1208).jpg,armas (1208).txt
armas (1209).jpg,armas (1209).txt
armas (121).jpg,armas (121).txt
armas (1210).jpg,armas (1210).txt
armas (1211).jpg,armas (1211).txt
armas (1212).jpg,armas (1212).txt
armas (1213).jpg,armas (1213).txt
armas (1214).jpg,armas (1214).txt
armas (1215).jpg,armas (1215).txt
armas (1216).jpg,armas (1216).txt
armas (1217).jpg,armas (1217).txt
armas (1218).jpg,armas (1218).txt
armas (1219).jpg,armas (1219).txt
armas (122).jpg,armas (122).txt
armas (1220).jpg,armas (1220).txt
armas (1221).jpg,armas (1221).txt
armas (1222).jpg,armas (1222).txt
armas (1223).jpg,armas (1223).txt
armas (1224).jpg,armas (1224).txt
armas (1225).jpg,armas (1225).txt
armas (1226).jpg,armas (1226).txt
armas (1227).jpg,armas (1227).txt
armas (1228).jpg,armas (1228).txt
armas (1229).jpg,armas (1229).txt
armas (123).jpg,armas (123).txt
armas (1230).jpg,armas (1230).txt
armas (1231).jpg,armas (1231).txt
armas (1232).jpg,armas (1232).txt
armas (1233).jpg,armas (1233).txt
armas (1234).jpg,armas (1234).txt
armas (1235).jpg,armas (1235).txt
armas (1236).jpg,armas (1236).txt
armas (1237).jpg,armas (1237).txt
armas (1238).jpg,armas (1238).txt
armas (1239).jpg,armas (1239).txt
armas (124).jpg,armas (124).txt
armas (1240).jpg,armas (1240).txt
armas (1241).jpg,armas (1241).txt
armas (1242).jpg,armas (1242).txt
armas (1243).jpg,armas (1243).txt
armas (1244).jpg,armas (1244).txt
armas (1245).jpg,armas (1245).txt
armas (1246).jpg,armas (1246).txt
armas (1247).jpg,armas (1247).txt
armas (1248).jpg,armas (1248).txt
armas (1249).jpg,armas (1249).txt
armas (125).jpg,armas (125).txt
armas (1250).jpg,armas (1250).txt
armas (1251).jpg,armas (1251).txt
armas (1252).jpg,armas (1252).txt
armas (1253).jpg,armas (1253).txt
armas (1254).jpg,armas (1254).txt
armas (1255).jpg,armas (1255).txt
armas (1256).jpg,armas (1256).txt
armas (1257).jpg,armas (1257).txt
armas (1258).jpg,armas (1258).txt
armas (1259).jpg,armas (1259).txt
armas (126).jpg,armas (126).txt
armas (1260).jpg,armas (1260).txt
armas (1261).jpg,armas (1261).txt
armas (1262).jpg,armas (1262).txt
armas (1263).jpg,armas (1263).txt
armas (1264).jpg,armas (1264).txt
armas (1265).jpg,armas (1265).txt
armas (1266).jpg,armas (1266).txt
armas (1267).jpg,armas (1267).txt
armas (1268).jpg,armas (1268).txt
armas (1269).jpg,armas (1269).txt
armas (127).jpg,armas (127).txt
armas (1270).jpg,armas (1270).txt
armas (1271).jpg,armas (1271).txt
armas (1272).jpg,armas (1272).txt
armas (1273).jpg,armas (1273).txt
armas (1274).jpg,armas (1274).txt
armas (1275).jpg,armas (1275).txt
armas (1276).jpg,armas (1276).txt
armas (1277).jpg,armas (1277).txt
armas (1278).jpg,armas (1278).txt
armas (1279).jpg,armas (1279).txt
armas (128).jpg,armas (128).txt
armas (1280).jpg,armas (1280).txt
armas (1281).jpg,armas (1281).txt
armas (1282).jpg,armas (1282).txt
armas (1283).jpg,armas (1283).txt
armas (1284).jpg,armas (1284).txt
armas (1285).jpg,armas (1285).txt
armas (1286).jpg,armas (1286).txt
armas (1287).jpg,armas (1287).txt
armas (1288).jpg,armas (1288).txt
armas (1289).jpg,armas (1289).txt
armas (129).jpg,armas (129).txt
armas (1290).jpg,armas (1290).txt
armas (1291).jpg,armas (1291).txt
armas (1292).jpg,armas (1292).txt
armas (1293).jpg,armas (1293).txt
armas (1294).jpg,armas (1294).txt
armas (1295).jpg,armas (1295).txt
armas (1296).jpg,armas (1296).txt
armas (1297).jpg,armas (1297).txt
armas (1298).jpg,armas (1298).txt
armas (1299).jpg,armas (1299).txt
armas (13).jpg,armas (13).txt
armas (130).jpg,armas (130).txt
armas (1300).jpg,armas (1300).txt
armas (1301).jpg,armas (1301).txt
armas (1302).jpg,armas (1302).txt
armas (1303).jpg,armas (1303).txt
armas (1304).jpg,armas (1304).txt
armas (1305).jpg,armas (1305).txt
armas (1306).jpg,armas (1306).txt
armas (1307).jpg,armas (1307).txt
armas (1308).jpg,armas (1308).txt
armas (1309).jpg,armas (1309).txt
armas (131).jpg,armas (131).txt
armas (1310).jpg,armas (1310).txt
armas (1311).jpg,armas (1311).txt
armas (1312).jpg,armas (1312).txt
armas (1313).jpg,armas (1313).txt
armas (1314).jpg,armas (1314).txt
armas (1315).jpg,armas (1315).txt
armas (1316).jpg,armas (1316).txt
armas (1317).jpg,armas (1317).txt
armas (1318).jpg,armas (1318).txt
armas (1319).jpg,armas (1319).txt
armas (132).jpg,armas (132).txt
armas (1320).jpg,armas (1320).txt
armas (1321).jpg,armas (1321).txt
armas (1322).jpg,armas (1322).txt
armas (1323).jpg,armas (1323).txt
armas (1324).jpg,armas (1324).txt
armas (1325).jpg,armas (1325).txt
armas (1326).jpg,armas (1326).txt
armas (1327).jpg,armas (1327).txt
armas (1328).jpg,armas (1328).txt
armas (1329).jpg,armas (1329).txt
armas (133).jpg,armas (133).txt
armas (1330).jpg,armas (1330).txt
armas (1331).jpg,armas (1331).txt
armas (1332).jpg,armas (1332).txt
armas (1333).jpg,armas (1333).txt
armas (1334).jpg,armas (1334).txt
armas (1335).jpg,armas (1335).txt
armas (1336).jpg,armas (1336).txt
armas (1337).jpg,armas (1337).txt
armas (1338).jpg,armas (1338).txt
armas (1339).jpg,armas (1339).txt
armas (134).jpg,armas (134).txt
armas (1340).jpg,armas (1340).txt
armas (1341).jpg,armas (1341).txt
armas (1342).jpg,armas (1342).txt
armas (1343).jpg,armas (1343).txt
armas (1344).jpg,armas (1344).txt
armas (1345).jpg,armas (1345).txt
armas (1346).jpg,armas (1346).txt
armas (1347).jpg,armas (1347).txt
armas (1348).jpg,armas (1348).txt
armas (1349).jpg,armas (1349).txt
armas (135).jpg,armas (135).txt
armas (1350).jpg,armas (1350).txt
armas (1351).jpg,armas (1351).txt
armas (1352).jpg,armas (1352).txt
armas (1353).jpg,armas (1353).txt
armas (1354).jpg,armas (1354).txt
armas (1355).jpg,armas (1355).txt
armas (1356).jpg,armas (1356).txt
armas (1357).jpg,armas (1357).txt
armas (1358).jpg,armas (1358).txt
armas (1359).jpg,armas (1359).txt
armas (136).jpg,armas (136).txt
armas (1360).jpg,armas (1360).txt
armas (1361).jpg,armas (1361).txt
armas (1362).jpg,armas (1362).txt
armas (1363).jpg,armas (1363).txt
armas (1364).jpg,armas (1364).txt
armas (1365).jpg,armas (1365).txt
armas (1366).jpg,armas (1366).txt
armas (1367).jpg,armas (1367).txt
armas (1368).jpg,armas (1368).txt
armas (1369).jpg,armas (1369).txt
armas (137).jpg,armas (137).txt
armas (1370).jpg,armas (1370).txt
armas (1371).jpg,armas (1371).txt
armas (1372).jpg,armas (1372).txt
armas (1373).jpg,armas (1373).txt
armas (1374).jpg,armas (1374).txt
armas (1375).jpg,armas (1375).txt
armas (1376).jpg,armas (1376).txt
armas (1377).jpg,armas (1377).txt
armas (1378).jpg,armas (1378).txt
armas (1379).jpg,armas (1379).txt
armas (138).jpg,armas (138).txt
armas (1380).jpg,armas (1380).txt
armas (1381).jpg,armas (1381).txt
armas (1382).jpg,armas (1382).txt
armas (1383).jpg,armas (1383).txt
armas (1384).jpg,armas (1384).txt
armas (1385).jpg,armas (1385).txt
armas (1386).jpg,armas (1386).txt
armas (1387).jpg,armas (1387).txt
armas (1388).jpg,armas (1388).txt
armas (1389).jpg,armas (1389).txt
armas (139).jpg,armas (139).txt
armas (1390).jpg,armas (1390).txt
armas (1391).jpg,armas (1391).txt
armas (1392).jpg,armas (1392).txt
armas (1393).jpg,armas (1393).txt
armas (1394).jpg,armas (1394).txt
armas (1395).jpg,armas (1395).txt
armas (1396).jpg,armas (1396).txt
armas (1397).jpg,armas (1397).txt
armas (1398).jpg,armas (1398).txt
armas (1399).jpg,armas (1399).txt
armas (14).jpg,armas (14).txt
armas (140).jpg,armas (140).txt
armas (1400).jpg,armas (1400).txt
armas (1401).jpg,armas (1401).txt
armas (1402).jpg,armas (1402).txt
armas (1403).jpg,armas (1403).txt
armas (1404).jpg,armas (1404).txt
armas (1405).jpg,armas (1405).txt
armas (1406).jpg,armas (1406).txt
armas (1407).jpg,armas (1407).txt
armas (1408).jpg,armas (1408).txt
armas (1409).jpg,armas (1409).txt
armas (141).jpg,armas (141).txt
armas (1410).jpg,armas (1410).txt
armas (1411).jpg,armas (1411).txt
armas (1412).jpg,armas (1412).txt
armas (1413).jpg,armas (1413).txt
armas (1414).jpg,armas (1414).txt
armas (1415).jpg,armas (1415).txt
armas (1416).jpg,armas (1416).txt
armas (1417).jpg,armas (1417).txt
armas (1418).jpg,armas (1418).txt
armas (1419).jpg,armas (1419).txt
armas (142).jpg,armas (142).txt
armas (1420).jpg,armas (1420).txt
armas (1421).jpg,armas (1421).txt
armas (1422).jpg,armas (1422).txt
armas (1423).jpg,armas (1423).txt
armas (1424).jpg,armas (1424).txt
armas (1425).jpg,armas (1425).txt
armas (1426).jpg,armas (1426).txt
armas (1427).jpg,armas (1427).txt
armas (1428).jpg,armas (1428).txt
armas (1429).jpg,armas (1429).txt
armas (143).jpg,armas (143).txt
armas (1430).jpg,armas (1430).txt
armas (1431).jpg,armas (1431).txt
armas (1432).jpg,armas (1432).txt
armas (1433).jpg,armas (1433).txt
armas (1434).jpg,armas (1434).txt
armas (1435).jpg,armas (1435).txt
armas (1436).jpg,armas (1436).txt
armas (1437).jpg,armas (1437).txt
armas (1438).jpg,armas (1438).txt
armas (1439).jpg,armas (1439).txt
armas (144).jpg,armas (144).txt
armas (1440).jpg,armas (1440).txt
armas (1441).jpg,armas (1441).txt
armas (1442).jpg,armas (1442).txt
armas (1443).jpg,armas (1443).txt
armas (1444).jpg,armas (1444).txt
armas (1445).jpg,armas (1445).txt
armas (1446).jpg,armas (1446).txt
armas (1447).jpg,armas (1447).txt
armas (1448).jpg,armas (1448).txt
armas (1449).jpg,armas (1449).txt
armas (145).jpg,armas (145).txt
armas (1450).jpg,armas (1450).txt
armas (1451).jpg,armas (1451).txt
armas (1452).jpg,armas (1452).txt
armas (1453).jpg,armas (1453).txt
armas (1454).jpg,armas (1454).txt
armas (1455).jpg,armas (1455).txt
armas (1456).jpg,armas (1456).txt
armas (1457).jpg,armas (1457).txt
armas (1458).jpg,armas (1458).txt
armas (1459).jpg,armas (1459).txt
armas (146).jpg,armas (146).txt
armas (1460).jpg,armas (1460).txt
armas (1461).jpg,armas (1461).txt
armas (1462).jpg,armas (1462).txt
armas (1463).jpg,armas (1463).txt
armas (1464).jpg,armas (1464).txt
armas (1465).jpg,armas (1465).txt
armas (1466).jpg,armas (1466).txt
armas (1467).jpg,armas (1467).txt
armas (1468).jpg,armas (1468).txt
armas (1469).jpg,armas (1469).txt
armas (147).jpg,armas (147).txt
armas (1470).jpg,armas (1470).txt
armas (1471).jpg,armas (1471).txt
armas (1472).jpg,armas (1472).txt
armas (1473).jpg,armas (1473).txt
armas (1474).jpg,armas (1474).txt
armas (1475).jpg,armas (1475).txt
armas (1476).jpg,armas (1476).txt
armas (1477).jpg,armas (1477).txt
armas (1478).jpg,armas (1478).txt
armas (1479).jpg,armas (1479).txt
armas (148).jpg,armas (148).txt
armas (1480).jpg,armas (1480).txt
armas (1481).jpg,armas (1481).txt
armas (1482).jpg,armas (1482).txt
armas (1483).jpg,armas (1483).txt
armas (1484).jpg,armas (1484).txt
armas (1485).jpg,armas (1485).txt
armas (1486).jpg,armas (1486).txt
armas (1487).jpg,armas (1487).txt
armas (1488).jpg,armas (1488).txt
armas (1489).jpg,armas (1489).txt
armas (149).jpg,armas (149).txt
armas (1490).jpg,armas (1490).txt
armas (1491).jpg,armas (1491).txt
armas (1492).jpg,armas (1492).txt
armas (1493).jpg,armas (1493).txt
armas (1494).jpg,armas (1494).txt
armas (1495).jpg,armas (1495).txt
armas (1496).jpg,armas (1496).txt
armas (1497).jpg,armas (1497).txt
armas (1498).jpg,armas (1498).txt
armas (1499).jpg,armas (1499).txt
armas (15).jpg,armas (15).txt
armas (150).jpg,armas (150).txt
armas (1500).jpg,armas (1500).txt
armas (1501).jpg,armas (1501).txt
armas (1502).jpg,armas (1502).txt
armas (1503).jpg,armas (1503).txt
armas (1504).jpg,armas (1504).txt
armas (1505).jpg,armas (1505).txt
armas (1506).jpg,armas (1506).txt
armas (1507).jpg,armas (1507).txt
armas (1508).jpg,armas (1508).txt
armas (1509).jpg,armas (1509).txt
armas (151).jpg,armas (151).txt
armas (1510).jpg,armas (1510).txt
armas (1511).jpg,armas (1511).txt
armas (1512).jpg,armas (1512).txt
armas (1513).jpg,armas (1513).txt
armas (1514).jpg,armas (1514).txt
armas (1515).jpg,armas (1515).txt
armas (1516).jpg,armas (1516).txt
armas (1517).jpg,armas (1517).txt
armas (1518).jpg,armas (1518).txt
armas (1519).jpg,armas (1519).txt
armas (152).jpg,armas (152).txt
armas (1520).jpg,armas (1520).txt
armas (1521).jpg,armas (1521).txt
armas (1522).jpg,armas (1522).txt
armas (1523).jpg,armas (1523).txt
armas (1524).jpg,armas (1524).txt
armas (1525).jpg,armas (1525).txt
armas (1526).jpg,armas (1526).txt
armas (1527).jpg,armas (1527).txt
armas (1528).jpg,armas (1528).txt
armas (1529).jpg,armas (1529).txt
armas (153).jpg,armas (153).txt
armas (1530).jpg,armas (1530).txt
armas (1531).jpg,armas (1531).txt
armas (1532).jpg,armas (1532).txt
armas (1533).jpg,armas (1533).txt
armas (1534).jpg,armas (1534).txt
armas (1535).jpg,armas (1535).txt
armas (1536).jpg,armas (1536).txt
armas (1537).jpg,armas (1537).txt
armas (1538).jpg,armas (1538).txt
armas (1539).jpg,armas (1539).txt
armas (154).jpg,armas (154).txt
armas (1540).jpg,armas (1540).txt
armas (1541).jpg,armas (1541).txt
armas (1542).jpg,armas (1542).txt
armas (1543).jpg,armas (1543).txt
armas (1544).jpg,armas (1544).txt
armas (1545).jpg,armas (1545).txt
armas (1546).jpg,armas (1546).txt
armas (1547).jpg,armas (1547).txt
armas (1548).jpg,armas (1548).txt
armas (1549).jpg,armas (1549).txt
armas (155).jpg,armas (155).txt
armas (1550).jpg,armas (1550).txt
armas (1551).jpg,armas (1551).txt
armas (1552).jpg,armas (1552).txt
armas (1553).jpg,armas (1553).txt
armas (1554).jpg,armas (1554).txt
armas (1555).jpg,armas (1555).txt
armas (1556).jpg,armas (1556).txt
armas (1557).jpg,armas (1557).txt
armas (1558).jpg,armas (1558).txt
armas (1559).jpg,armas (1559).txt
armas (156).jpg,armas (156).txt
armas (1560).jpg,armas (1560).txt
armas (1561).jpg,armas (1561).txt
armas (1562).jpg,armas (1562).txt
armas (1563).jpg,armas (1563).txt
armas (1564).jpg,armas (1564).txt
armas (1565).jpg,armas (1565).txt
armas (1566).jpg,armas (1566).txt
armas (1567).jpg,armas (1567).txt
armas (1568).jpg,armas (1568).txt
armas (1569).jpg,armas (1569).txt
armas (157).jpg,armas (157).txt
armas (1570).jpg,armas (1570).txt
armas (1571).jpg,armas (1571).txt
armas (1572).jpg,armas (1572).txt
armas (1573).jpg,armas (1573).txt
armas (1574).jpg,armas (1574).txt
armas (1575).jpg,armas (1575).txt
armas (1576).jpg,armas (1576).txt
armas (1577).jpg,armas (1577).txt
armas (1578).jpg,armas (1578).txt
armas (1579).jpg,armas (1579).txt
armas (158).jpg,armas (158).txt
armas (1580).jpg,armas (1580).txt
armas (1581).jpg,armas (1581).txt
armas (1582).jpg,armas (1582).txt
armas (1583).jpg,armas (1583).txt
armas (1584).jpg,armas (1584).txt
armas (1585).jpg,armas (1585).txt
armas (1586).jpg,armas (1586).txt
armas (1587).jpg,armas (1587).txt
armas (1588).jpg,armas (1588).txt
armas (1589).jpg,armas (1589).txt
armas (159).jpg,armas (159).txt
armas (1590).jpg,armas (1590).txt
armas (1591).jpg,armas (1591).txt
armas (1592).jpg,armas (1592).txt
armas (1593).jpg,armas (1593).txt
armas (1594).jpg,armas (1594).txt
armas (1595).jpg,armas (1595).txt
armas (1596).jpg,armas (1596).txt
armas (1597).jpg,armas (1597).txt
armas (1598).jpg,armas (1598).txt
armas (1599).jpg,armas (1599).txt
armas (16).jpg,armas (16).txt
armas (160).jpg,armas (160).txt
armas (1600).jpg,armas (1600).txt
armas (1601).jpg,armas (1601).txt
armas (1602).jpg,armas (1602).txt
armas (1603).jpg,armas (1603).txt
armas (1604).jpg,armas (1604).txt
armas (1605).jpg,armas (1605).txt
armas (1606).jpg,armas (1606).txt
armas (1607).jpg,armas (1607).txt
armas (1608).jpg,armas (1608).txt
armas (1609).jpg,armas (1609).txt
armas (161).jpg,armas (161).txt
armas (1610).jpg,armas (1610).txt
armas (1611).jpg,armas (1611).txt
armas (1612).jpg,armas (1612).txt
armas (1613).jpg,armas (1613).txt
armas (1614).jpg,armas (1614).txt
armas (1615).jpg,armas (1615).txt
armas (1616).jpg,armas (1616).txt
armas (1617).jpg,armas (1617).txt
armas (1618).jpg,armas (1618).txt
armas (1619).jpg,armas (1619).txt
armas (162).jpg,armas (162).txt
armas (1620).jpg,armas (1620).txt
armas (1621).jpg,armas (1621).txt
armas (1622).jpg,armas (1622).txt
armas (1623).jpg,armas (1623).txt
armas (1624).jpg,armas (1624).txt
armas (1625).jpg,armas (1625).txt
armas (1626).jpg,armas (1626).txt
armas (1627).jpg,armas (1627).txt
armas (1628).jpg,armas (1628).txt
armas (1629).jpg,armas (1629).txt
armas (163).jpg,armas (163).txt
armas (1630).jpg,armas (1630).txt
armas (1631).jpg,armas (1631).txt
armas (1632).jpg,armas (1632).txt
armas (1633).jpg,armas (1633).txt
armas (1634).jpg,armas (1634).txt
armas (1635).jpg,armas (1635).txt
armas (1636).jpg,armas (1636).txt
armas (1637).jpg,armas (1637).txt
armas (1638).jpg,armas (1638).txt
armas (1639).jpg,armas (1639).txt
armas (164).jpg,armas (164).txt
armas (1640).jpg,armas (1640).txt
armas (1641).jpg,armas (1641).txt
armas (1642).jpg,armas (1642).txt
armas (1643).jpg,armas (1643).txt
armas (1644).jpg,armas (1644).txt
armas (1645).jpg,armas (1645).txt
armas (1646).jpg,armas (1646).txt
armas (1647).jpg,armas (1647).txt
armas (1648).jpg,armas (1648).txt
armas (1649).jpg,armas (1649).txt
armas (165).jpg,armas (165).txt
armas (1650).jpg,armas (1650).txt
armas (1651).jpg,armas (1651).txt
armas (1652).jpg,armas (1652).txt
armas (1653).jpg,armas (1653).txt
armas (1654).jpg,armas (1654).txt
armas (1655).jpg,armas (1655).txt
armas (1656).jpg,armas (1656).txt
armas (1657).jpg,armas (1657).txt
armas (1658).jpg,armas (1658).txt
armas (1659).jpg,armas (1659).txt
armas (166).jpg,armas (166).txt
armas (1660).jpg,armas (1660).txt
armas (1661).jpg,armas (1661).txt
armas (1662).jpg,armas (1662).txt
armas (1663).jpg,armas (1663).txt
armas (1664).jpg,armas (1664).txt
armas (1665).jpg,armas (1665).txt
armas (1666).jpg,armas (1666).txt
armas (1667).jpg,armas (1667).txt
armas (1668).jpg,armas (1668).txt
armas (1669).jpg,armas (1669).txt
armas (167).jpg,armas (167).txt
armas (1670).jpg,armas (1670).txt
armas (1671).jpg,armas (1671).txt
armas (1672).jpg,armas (1672).txt
armas (1673).jpg,armas (1673).txt
armas (1674).jpg,armas (1674).txt
armas (1675).jpg,armas (1675).txt
armas (1676).jpg,armas (1676).txt
armas (1677).jpg,armas (1677).txt
armas (1678).jpg,armas (1678).txt
armas (1679).jpg,armas (1679).txt
armas (168).jpg,armas (168).txt
armas (1680).jpg,armas (1680).txt
armas (1681).jpg,armas (1681).txt
armas (1682).jpg,armas (1682).txt
armas (1683).jpg,armas (1683).txt
armas (1684).jpg,armas (1684).txt
armas (1685).jpg,armas (1685).txt
armas (1686).jpg,armas (1686).txt
armas (1687).jpg,armas (1687).txt
armas (1688).jpg,armas (1688).txt
armas (1689).jpg,armas (1689).txt
armas (169).jpg,armas (169).txt
armas (1690).jpg,armas (1690).txt
armas (1691).jpg,armas (1691).txt
armas (1692).jpg,armas (1692).txt
armas (1693).jpg,armas (1693).txt
armas (1694).jpg,armas (1694).txt
armas (1695).jpg,armas (1695).txt
armas (1696).jpg,armas (1696).txt
armas (1697).jpg,armas (1697).txt
armas (1698).jpg,armas (1698).txt
armas (1699).jpg,armas (1699).txt
armas (17).jpg,armas (17).txt
armas (170).jpg,armas (170).txt
armas (1700).jpg,armas (1700).txt
armas (1701).jpg,armas (1701).txt
armas (1702).jpg,armas (1702).txt
armas (1703).jpg,armas (1703).txt
armas (1704).jpg,armas (1704).txt
armas (1705).jpg,armas (1705).txt
armas (1706).jpg,armas (1706).txt
armas (1707).jpg,armas (1707).txt
armas (1708).jpg,armas (1708).txt
armas (1709).jpg,armas (1709).txt
armas (171).jpg,armas (171).txt
armas (1710).jpg,armas (1710).txt
armas (1711).jpg,armas (1711).txt
armas (1712).jpg,armas (1712).txt
armas (1713).jpg,armas (1713).txt
armas (1714).jpg,armas (1714).txt
armas (1715).jpg,armas (1715).txt
armas (1716).jpg,armas (1716).txt
armas (1717).jpg,armas (1717).txt
armas (1718).jpg,armas (1718).txt
armas (1719).jpg,armas (1719).txt
armas (172).jpg,armas (172).txt
armas (1720).jpg,armas (1720).txt
armas (1721).jpg,armas (1721).txt
armas (1722).jpg,armas (1722).txt
armas (1723).jpg,armas (1723).txt
armas (1724).jpg,armas (1724).txt
armas (1725).jpg,armas (1725).txt
armas (1726).jpg,armas (1726).txt
armas (1727).jpg,armas (1727).txt
armas (1728).jpg,armas (1728).txt
armas (1729).jpg,armas (1729).txt
armas (173).jpg,armas (173).txt
armas (1730).jpg,armas (1730).txt
armas (1731).jpg,armas (1731).txt
armas (1732).jpg,armas (1732).txt
armas (1733).jpg,armas (1733).txt
armas (1734).jpg,armas (1734).txt
armas (1735).jpg,armas (1735).txt
armas (1736).jpg,armas (1736).txt
armas (1737).jpg,armas (1737).txt
armas (1738).jpg,armas (1738).txt
armas (1739).jpg,armas (1739).txt
armas (174).jpg,armas (174).txt
armas (1740).jpg,armas (1740).txt
armas (1741).jpg,armas (1741).txt
armas (1742).jpg,armas (1742).txt
armas (1743).jpg,armas (1743).txt
armas (1744).jpg,armas (1744).txt
armas (1745).jpg,armas (1745).txt
armas (1746).jpg,armas (1746).txt
armas (1747).jpg,armas (1747).txt
armas (1748).jpg,armas (1748).txt
armas (1749).jpg,armas (1749).txt
armas (175).jpg,armas (175).txt
armas (1750).jpg,armas (1750).txt
armas (1751).jpg,armas (1751).txt
armas (1752).jpg,armas (1752).txt
armas (1753).jpg,armas (1753).txt
armas (1754).jpg,armas (1754).txt
armas (1755).jpg,armas (1755).txt
armas (1756).jpg,armas (1756).txt
armas (1757).jpg,armas (1757).txt
armas (1758).jpg,armas (1758).txt
armas (1759).jpg,armas (1759).txt
armas (176).jpg,armas (176).txt
armas (1760).jpg,armas (1760).txt
armas (1761).jpg,armas (1761).txt
armas (1762).jpg,armas (1762).txt
armas (1763).jpg,armas (1763).txt
armas (1764).jpg,armas (1764).txt
armas (1765).jpg,armas (1765).txt
armas (1766).jpg,armas (1766).txt
armas (1767).jpg,armas (1767).txt
armas (1768).jpg,armas (1768).txt
armas (1769).jpg,armas (1769).txt
armas (177).jpg,armas (177).txt
armas (1770).jpg,armas (1770).txt
armas (1771).jpg,armas (1771).txt
armas (1772).jpg,armas (1772).txt
armas (1773).jpg,armas (1773).txt
armas (1774).jpg,armas (1774).txt
armas (1775).jpg,armas (1775).txt
armas (1776).jpg,armas (1776).txt
armas (1777).jpg,armas (1777).txt
armas (1778).jpg,armas (1778).txt
armas (1779).jpg,armas (1779).txt
armas (178).jpg,armas (178).txt
armas (1780).jpg,armas (1780).txt
armas (1781).jpg,armas (1781).txt
armas (1782).jpg,armas (1782).txt
armas (1783).jpg,armas (1783).txt
armas (1784).jpg,armas (1784).txt
armas (1785).jpg,armas (1785).txt
armas (1786).jpg,armas (1786).txt
armas (1787).jpg,armas (1787).txt
armas (1788).jpg,armas (1788).txt
armas (1789).jpg,armas (1789).txt
armas (179).jpg,armas (179).txt
armas (1790).jpg,armas (1790).txt
armas (1791).jpg,armas (1791).txt
armas (1792).jpg,armas (1792).txt
armas (1793).jpg,armas (1793).txt
armas (1794).jpg,armas (1794).txt
armas (1795).jpg,armas (1795).txt
armas (1796).jpg,armas (1796).txt
armas (1797).jpg,armas (1797).txt
armas (1798).jpg,armas (1798).txt
armas (1799).jpg,armas (1799).txt
armas (18).jpg,armas (18).txt
armas (180).jpg,armas (180).txt
armas (1800).jpg,armas (1800).txt
armas (1801).jpg,armas (1801).txt
armas (1802).jpg,armas (1802).txt
armas (1803).jpg,armas (1803).txt
armas (1804).jpg,armas (1804).txt
armas (1805).jpg,armas (1805).txt
armas (1806).jpg,armas (1806).txt
armas (1807).jpg,armas (1807).txt
armas (1808).jpg,armas (1808).txt
armas (1809).jpg,armas (1809).txt
armas (181).jpg,armas (181).txt
armas (1810).jpg,armas (1810).txt
armas (1811).jpg,armas (1811).txt
armas (1812).jpg,armas (1812).txt
armas (1813).jpg,armas (1813).txt
armas (1814).jpg,armas (1814).txt
armas (1815).jpg,armas (1815).txt
armas (1816).jpg,armas (1816).txt
armas (1817).jpg,armas (1817).txt
armas (1818).jpg,armas (1818).txt
armas (1819).jpg,armas (1819).txt
armas (182).jpg,armas (182).txt
armas (1820).jpg,armas (1820).txt
armas (1821).jpg,armas (1821).txt
armas (1822).jpg,armas (1822).txt
armas (1823).jpg,armas (1823).txt
armas (1824).jpg,armas (1824).txt
armas (1825).jpg,armas (1825).txt
armas (1826).jpg,armas (1826).txt
armas (1827).jpg,armas (1827).txt
armas (1828).jpg,armas (1828).txt
armas (1829).jpg,armas (1829).txt
armas (183).jpg,armas (183).txt
armas (1830).jpg,armas (1830).txt
armas (1831).jpg,armas (1831).txt
armas (1832).jpg,armas (1832).txt
armas (1833).jpg,armas (1833).txt
armas (1834).jpg,armas (1834).txt
armas (1835).jpg,armas (1835).txt
armas (1836).jpg,armas (1836).txt
armas (1837).jpg,armas (1837).txt
armas (1838).jpg,armas (1838).txt
armas (1839).jpg,armas (1839).txt
armas (184).jpg,armas (184).txt
armas (1840).jpg,armas (1840).txt
armas (1841).jpg,armas (1841).txt
armas (1842).jpg,armas (1842).txt
armas (1843).jpg,armas (1843).txt
armas (1844).jpg,armas (1844).txt
armas (1845).jpg,armas (1845).txt
armas (1846).jpg,armas (1846).txt
armas (1847).jpg,armas (1847).txt
armas (1848).jpg,armas (1848).txt
armas (1849).jpg,armas (1849).txt
armas (185).jpg,armas (185).txt
armas (1850).jpg,armas (1850).txt
armas (1851).jpg,armas (1851).txt
armas (1852).jpg,armas (1852).txt
armas (1853).jpg,armas (1853).txt
armas (1854).jpg,armas (1854).txt
armas (1855).jpg,armas (1855).txt
armas (1856).jpg,armas (1856).txt
armas (1857).jpg,armas (1857).txt
armas (1858).jpg,armas (1858).txt
armas (1859).jpg,armas (1859).txt
armas (186).jpg,armas (186).txt
armas (1860).jpg,armas (1860).txt
armas (1861).jpg,armas (1861).txt
armas (1862).jpg,armas (1862).txt
armas (1863).jpg,armas (1863).txt
armas (1864).jpg,armas (1864).txt
armas (1865).jpg,armas (1865).txt
armas (1866).jpg,armas (1866).txt
armas (1867).jpg,armas (1867).txt
armas (1868).jpg,armas (1868).txt
armas (1869).jpg,armas (1869).txt
armas (187).jpg,armas (187).txt
armas (1870).jpg,armas (1870).txt
armas (1871).jpg,armas (1871).txt
armas (1872).jpg,armas (1872).txt
armas (1873).jpg,armas (1873).txt
armas (1874).jpg,armas (1874).txt
armas (1875).jpg,armas (1875).txt
armas (1876).jpg,armas (1876).txt
armas (1877).jpg,armas (1877).txt
armas (1878).jpg,armas (1878).txt
armas (1879).jpg,armas (1879).txt
armas (188).jpg,armas (188).txt
armas (1880).jpg,armas (1880).txt
armas (1881).jpg,armas (1881).txt
armas (1882).jpg,armas (1882).txt
armas (1883).jpg,armas (1883).txt
armas (1884).jpg,armas (1884).txt
armas (1885).jpg,armas (1885).txt
armas (1886).jpg,armas (1886).txt
armas (1887).jpg,armas (1887).txt
armas (1888).jpg,armas (1888).txt
armas (1889).jpg,armas (1889).txt
armas (189).jpg,armas (189).txt
armas (1890).jpg,armas (1890).txt
armas (1891).jpg,armas (1891).txt
armas (1892).jpg,armas (1892).txt
armas (1893).jpg,armas (1893).txt
armas (1894).jpg,armas (1894).txt
armas (1895).jpg,armas (1895).txt
armas (1896).jpg,armas (1896).txt
armas (1897).jpg,armas (1897).txt
armas (1898).jpg,armas (1898).txt
armas (1899).jpg,armas (1899).txt
